subreddit,related_subreddits
100yearsago,"r/200YearsAgo, r/300YearsAgo, r/400YearsAgo, r/500YearsAgo, r/900YearsAgo"
1200isplenty,NA
1911,NA
2000sMusic,"r/Music2020s, r/2010sMusic, r/2000sMusic, r/90smusic, r/80smusic, r/70smusic, r/60sMusic, r/50sMusic, r/Music1940s, r/30sMusic, r/20sMusic, r/10sMusic, r/1900sMusic"
2007scape,r/runescape
2019,"r/2024, r/2023, r/2021, r/2018, r/2017isgreat, r/2016"
240sx,NA
24hoursofuhc,NA
24hoursupport,NA
2X_INTJ,NA
2spooky4me,NA
30ROCK,NA
316cats,NA
321,Megathread
3DS,NA
3DSdeals,"r/3DS, r/nintendo, r/3dsFCswap, r/3dsgamenight, r/amiibo, r/MyNintendo, r/StreetPassNetwork, r/NintendoSwitchDeals"
3Dmodeling,"r/3dcoat, r/3Dprinting, r/3dsmax, r/archviz, r/blender, r/cad, r/Cinema4D, r/Maya, r/Sketchup, r/ZBrush"
3Dprinting,NA
3amjokes,NA
3d6,NA
3dsFCswap,NA
3dsmax,NA
40kLore,NA
49ers,"r/SFGiants, r/OaklandAthletics, r/warriors, r/SanJoseSharks, r/SJEarthquakes, r/BayFC, r/nfl, r/49erstickets, r/NFCWestMemeWar, r/sanfrancisco, r/bayarea"
4ChanMeta,NA
4Runner,"Announcement, r/3rdGen4Runner, r/4thGen4Runner, r/5thgen4runners, r/Toyota, r/ToyotaTacoma, r/4Runner_1stGen, r/4x4, r/overlanding"
4chan,"r/r4chanMeta, r/yiffinhell"
4x4,NA
52book,NA
52weeksofbaking,"r/Baking, r/AskBaking, r/VeganBaking, r/Breadit, r/Cakes, r/cupcakes, r/CAKEWIN, r/dessert, r/recipes, r/52weeksofwholefoods"
52weeksofcooking,NA
5555555,NA
5by5DLC,NA
5nafcirclejerk,Announcement
60fpsporn,"r/HugeDickTinyChick, r/JizzedToThiss, r/ThickThighs, r/BornToBeFucked, r/ChaturbateCam, r/SexyButClothed, r/OnlyFansGirlsHQ, r/Adorable_Nudes, r/PussyPerfectionX, r/AmIFuckWorthy, r/SuperSluts, r/OnlyKarma"
7daystodie,NA
80s,NA
8BallMC,NA
9gag,NA
A858DE45F56D9BC9,NA
ABCDesis,NA
ABDL,"Megathread, r/ABDLPersonals, r/abdl_irl, r/diaperpics, r/DudesInDiapers, r/GirlsInDiapers, r/littlespace, r/babyfurs, r/abdlstories, r/ABDLMarket"
ABDLPersonals,NA
ABraThatFits,NA
ACDuplication,NA
ACMilan,"r/soccer, r/seriea, r/MilanFuturo, r/MilanCircleJerk, r/footballhighlights"
ACQR,NA
ACTrade,NA
ADHD,"Megathread, r/Anxiety, r/adhdmeme, r/SuicideWatch, r/mentalhealth, r/BPD, r/bipolar, r/depression_help, r/family_of_bipolar"
AFL,"r/GWSgiants, r/sydneyswans, r/brisbanelions, r/gcfc, r/adelaidefc, r/weareportadelaide, r/TasmanianAFL, r/CarltonBlues, r/collingwoodfc, r/EssendonFC, r/GeelongCats, r/hawktalk, r/melbournefc, r/NorthMelbourneFC, r/RichmondFC, r/StKilda, r/westernbulldogs, r/FremantleFC, r/westcoasteagles"
AFOL,"r/lego, r/Minilego"
AMA,"r/amacirclejerk, r/IAmA, r/casualiama, r/NSFWIAMA"
AMRsucks,NA
ANormalDayInRussia,NA
AOW3,NA
APStudents,NA
AR10,"r/68SPC, r/Bren2, r/Tec9, r/BerettaARX, r/BT_APC, r/VEPR12, r/57x28mm, r/ps90"
ASU,NA
ATLauncher,NA
AZCardinals,"r/suns, r/azdiamondbacks, r/Coyotes, r/arizona, r/nfl"
AZURE,NA
A_irsoft,NA
AbandonedPorn,NA
Aberdeen,NA
AcademicBiblical,"r/AskBibleScholars, r/AcademicQuran, r/Koine, r/AskHistorians"
Acadiana,NA
Accounting,"r/finance, r/business, r/tax, r/Bookkeeping, r/excel, r/businessschool, r/consulting, r/Economics, r/personalfinance, r/taxpros"
Accutane,NA
AceAttorney,"r/nintendo, r/ProfessorLayton, r/GhostTrick, r/vns, r/unexpectedaceattorney, r/capcom, r/AceAttorneyCirclejerk, r/AceAttorneyMemes"
ActionFigures,NA
AdamCarolla,NA
Adelaide,NA
Adoption,NA
AdvancedProduction,NA
AdvancedRunning,NA
Advice,"r/SuicideWatch, r/DecidingToBeBetter, r/legaladvice, r/relationship_advice, r/Anxiety, r/depression, r/mentalhealth"
AdviceAnimals,NA
Aerials,NA
AfterEffects,"r/MotionDesign, r/Cinema4D, r/redgiant, r/CharacterAnimator, r/premiere, r/Motionografree, r/cgiMemes, r/AfterEffectsBattles, r/AdobeIllustrator, r/photoshop"
Aftermath1231,NA
AgainstGamerGate,NA
AgeofMythology,"r/aoe, r/aoe2, r/aoe3, r/projectceleste, r/aoe4, r/RealTimeStrategy, r/StrategyGames"
AirBnB,NA
AirForce,"r/Military, r/Militaryfaq, r/MilitaryFinance, r/AFROTC, r/RateMyAFB, r/AirForceGamers, r/USAFA, r/airnationalguard, r/civilairpatrol, r/specialtactics"
AlAnon,NA
AlanWake,"r/controlgame, r/RemedyEntertainment, r/maxpayne, r/quantumbreak"
Albany,NA
AlbumArtPorn,NA
Albuquerque,NA
Aleague,"r/AdelaideUnited, r/BrisbaneRoar, r/CCMFC, r/MelbourneCity, r/MelbourneVictory, r/NewcastleUnitedJets, r/PerthGlory, r/SydneyFC, r/wsw, r/WellingtonPhoenix, r/WesternUnitedFC, r/MacarthurFC, r/AucklandFC"
AlienBlue,NA
Alienware,NA
AlisonBrie,NA
Allsvenskan,NA
AltisLife,NA
AmIFreeToGo,NA
AmISexy,NA
Amateur,NA
AmateurRoomPorn,NA
AmazonUnder5,NA
Amd,NA
AmeriCorps,"r/ConservationCorps, r/peacecorps, r/TeachforAmerica, r/thesca, r/EmergencyManagement, r/volunteer, r/nonprofit"
AmericanHorrorStory,NA
Amsterdam,"r/AmsterdamFriends, r/AjaxAmsterdam, r/AmsterdamEnts, r/amsterdam_rave, r/universityofamsterdam, r/AmsterdamDanceEvent, r/Amsterdam_Pictures, r/VUAmsterdam, r/AmsterdamBeer, r/AmsterdamSloopt, r/thenetherlands, r/ik_ihe, r/cirkeltrek, r/learndutch, r/StudyInTheNetherlands, r/Utrecht, r/TheHague, r/Groningen, r/eindhoven, r/Leiden, r/Haarlem, r/maastricht, r/Almere, r/Amstelveen, r/Rotterdam"
AnaheimDucks,NA
AnalGW,"r/AssHoleGW, r/HomemadeNsfw, r/couplesgonewild, r/SheLikesItRough, r/porn_gifs, r/anal"
AnalPorn,NA
Anarchism,"r/Anarchy101, r/DebateAnarchism, r/antiwork, r/militant"
Anarcho_Capitalism,"r/AskLibertarians, r/austrian_economics, r/GoldandBlack, r/Libertarian"
Anarchy101,"r/Anarchism, r/DebateAnarchism"
Android,NA
AndroidGameDeals,NA
AndroidGaming,"r/Android, r/androidapps, r/googleplaydeals"
AndroidMasterRace,"r/Android, r/AndroidWear, r/AndroidAuto, r/androidthemes, r/AndroidQuestions, r/applesucks, r/pcmasterrace, r/shittyandroidreviews, r/Unlocked, r/smartphone"
AndroidQuestions,NA
AndroidUsers,NA
AndroidVR,NA
AndroidWear,NA
AngelaWhite,NA
Anglicanism,NA
AnimalCollective,NA
AnimalCrossing,NA
AnimalPorn,NA
AnimalRights,"Announcement, r/VeganActivism, r/vegan, r/DebateAVegan, r/vegancirclejerk, r/veganfitness, r/VeganFoodPorn"
AnimalsBeingBros,"r/AnimalsBeingJerks, r/AnimalsBeingDerps, r/HumansBeingBros, r/PeopleBeingJerks, r/AnimalsBeingMoms, r/AnimalsBeingConfused, r/CatsBeingCats, r/AnimalsBeingSleepy"
AnimalsBeingDerps,"r/AnimalsBeingBros, r/AnimalsBeingJerks, r/HumansBeingBros, r/PeopleBeingJerks, r/AnimalsBeingMoms, r/AnimalsBeingConfused, r/CatsBeingCats, r/AnimalsBeingSleepy"
AnimalsBeingJerks,"r/AnimalsBeingBros, r/AnimalsBeingDerps, r/HumansBeingBros, r/PeopleBeingJerks, r/AnimalsBeingMoms, r/AnimalsBeingConfused, r/CatsBeingCats, r/AnimalsBeingSleepy, r/AnimalsBeingMoms"
AnimeFigures,NA
AnimeSketch,NA
Animewallpaper,NA
Animorphs,r/90s_kid
Anthropology,NA
AntiAntiJokes,NA
AntiJokes,NA
Anticonsumption,"r/Frugal, r/Thrifty, r/environment, r/EcoEvents, r/antitelevision, r/HailCorporate, r/upcycling, r/Automate, r/adbreakdown, r/nobuy, r/MediaCriticism, r/vegan, r/ZeroWaste, r/EgregiousPackaging, r/Visiblemending, r/Environmentalism, r/SelfSufficiency, r/Permaculture, r/Canning, r/DIY, r/DumpsterDiving, r/gardening, r/farming, r/PhysicGarden, r/freeganism, r/reuseit, r/homestead, r/preppers, r/onebag, r/fermentation, r/Homebrewing, r/selfreliance"
Anxiety,"Announcement, r/ADHD, r/Anxietyhelp, r/anxietymemes, r/BPD, r/depression, r/depression_help, r/EatingDisorders, r/mentalhealth, r/SuicideWatch"
AnythingGoesNews,NA
AoTRP,NA
Apocalypse,NA
ApocalypseRising,NA
AppHookup,NA
AppNana,NA
AppalachianTrail,"r/CampingandHiking, r/hiking, r/Ultralight, r/trailmeals, r/OutdoorsGear, r/PacificCrestTrail, r/CDT, r/Appalachia"
AppleWatch,NA
Appliances,NA
AppliedScienceChannel,NA
ApplyingToCollege,"r/ACT, r/Sat, r/psat, r/collegeresults, r/CollegeEssays, r/college, r/GradSchool, r/gradadmissions, r/IntltoUSA, r/ucadmissions"
AquaJail,Announcement
Aquariums,NA
ArcherFX,NA
Archery,NA
ArchitecturePorn,NA
ArianaGrande,NA
ArizonaUnitedSC,NA
Arkansas,"r/LittleRock, r/fayetteville, r/ConwayAR, r/razorbacks, r/UniversityofArkansas"
Art,NA
ArtBuddy,NA
ArtPorn,NA
ArtefactPorn,NA
ArtisanVideos,NA
Ashens,"r/Barshens, r/CheapShow, r/Mentski"
Ashland,NA
AsianHotties,NA
AsianLadyboners,NA
AsianParentStories,NA
AsiansGoneWild,"Announcement, r/paag, r/rice_cakes, r/AsianCumsluts, r/AsiansGoneWild30plus, r/asiansgonemild"
AskAHeathen,NA
AskAShittyMechanic,NA
AskAcademia,NA
AskAnAmerican,"r/AskAnAfrican, r/AskAnAustralian, r/AskTheCaribbean, r/AskCentralAsia, r/AskAGerman, r/asklatinamerica, r/AskNYC, r/AskARussian, r/AskUK"
AskAstrologers,Announcement
AskCulinary,"r/seriouseats, r/AskBaking, r/EatCheapAndHealthy, r/sousvide, r/KitchenConfidential, r/Chefit"
AskElectronics,NA
AskEngineers,"r/engineering, r/AskElectronics, r/MechanicalEngineering, r/ChemicalEngineering, r/civilengineering, r/aerospace, r/cscareerquestions, r/womenEngineers, r/manufacturing"
AskEurope,"r/AskAnAmerican, r/AskUK, r/asklatinamerica, r/AskCentralAsia, r/AskAGerman, r/AskFrance, r/AskBalkans, r/AskAnAfrican, r/AskTheCaribbean, r/AskAnAustralian"
AskFeminists,NA
AskHR,"r/recruiting, r/humanresources, r/resumes, r/jobs, r/jobsearchhacks, r/careerguidance, r/legaladvice, r/work"
AskHistorians,"r/askscience, r/AskSocialScience, r/AskAnthropology, r/AskAcademia, r/CredibleDefense, r/history, r/badhistory, r/HistoryWhatIf, r/HistoricalWhatIf, r/HistoryNetwork"
AskHistory,"r/AskHistorians, r/history, r/HistoryWhatIf, r/ThisDayInHistory"
AskLEO,NA
AskLibertarians,NA
AskLosAngeles,"Megathread, Announcement"
AskMarketing,NA
AskMen,NA
AskModerators,NA
AskNYC,NA
AskNetsec,NA
AskPhotography,NA
AskReddit,NA
AskRedditAfterDark,NA
AskSF,NA
AskScienceDiscussion,NA
AskScienceFiction,r/WhatIfFiction
AskSocialScience,NA
AskTrollX,NA
AskUK,"r/britishproblems, r/CarTalkUK, r/DIYUK, r/LegalAdviceUK, r/MentalHealthUK, r/UKJobs, r/ukpolitics, r/UKPersonalFinance, r/unitedkingdom, r/AmItheAsshole, r/AskEurope, r/HomeworkHelp, r/offmychest, r/SampleSize, r/techsupport"
AskWomen,"r/AskWomenAdviceNSFW, r/AskFeministWomen, r/askwomenadvice, r/TheGirlSurvivalGuide, r/birthcontrol, r/auntienetwork, r/AskDocs, r/findareddit"
Askasurvivor,NA
Assistance,Announcement
Asterisk,NA
Astronomy,"r/askastronomy, r/astrophotography, r/cosmology, r/exoplanets, r/space, r/spaceporn, r/SpaceVideos, r/telescopes"
AtheistTwelveSteppers,"r/alcoholicsanonymous, r/NarcoticsAnonymous, r/OvereatersAnonymous, r/AlAnon, r/stopdrinking, r/REDDITORSINRECOVERY, r/recovery"
Atlanta,NA
AtlantaHawks,NA
Attackontitangame,NA
AusFinance,NA
AussieHipHop,NA
Austin,"r/austinfood, r/askaustin, r/AustinClassifieds, r/austinjobs, r/UTAustin, r/AustinFC, r/AustinPetLostAndFound, r/BikingATX, r/AustinBeer, r/austinguns"
AustinClassifieds,NA
AustinPsychFest,NA
AustralianCattleDog,"r/dogs, r/Dogtraining, r/puppy101"
AustralianMakeup,"r/AussieMakeupTrade, r/AusFemaleFashion, r/AusSkincare, r/MakeupAddiction, r/muacjdiscussion, r/MakeupRehab"
AustralianMilitary,NA
AustralianPolitics,Announcement
Austria,"Announcement, r/aeiou, r/FinanzenAT, r/NichtDieTagespresse, r/AustriaPics, r/mietenAT, r/wien, r/graz, r/Linz, r/Tirol, r/Innsbruck, r/Salzburg, r/Vorarlberg, r/Noesterreich, r/kaernten, r/burgenland"
AutoDetailing,NA
AutoHotkey,NA
Autocross,NA
Autos,NA
AwesomeCarMods,NA
Awesomenauts,NA
Awwducational,NA
Awww,NA
AxeFx,NA
Ayahuasca,"r/Psychonaut, r/Psychedelics, r/DMT, r/dmtguide, r/AyaRetreats, r/mdmatherapy, r/AyahuascaArt, r/Kambo"
BABYMETAL,"r/BABYMETALEspanol, r/BABYMETAL_japan, r/BABYMETALReactVideos, r/Babymetalmusicians, r/YUIMETAL, r/MetalverseBand"
BBQ,"r/Wings, r/smoking, r/grilling"
BBW,"Announcement, Announcement, r/BBWaddict, r/BBWHardcore, r/BBWnThiccness, r/BBWsofColor"
BBWGW,NA
BBtheORGviewers,NA
BF_Hardline,NA
BHMGoneWild,NA
BMW,"r/BmwTech, r/Motorrad, r/E30, r/BMWE36, r/BMWE46, r/e39, r/E90, r/E31, r/f10, r/BMWF22"
BPD,"Announcement, r/dbtselfhelp, r/BPDParentsHelp, r/BPDmemes, r/BPDSongs, r/BorderlinePDisorder"
BSA,NA
BabyBumps,NA
BackYardChickens,"r/duck, r/DIY, r/Beekeeping, r/gardening, r/Homesteading"
Backcountry,Announcement
BacktotheFuture,"r/movies, r/scifi, r/Moviesinthemaking, r/ghostbusters, r/JurassicPark, r/StarWars, r/indianajones, r/bladerunner, r/martymcflypose, r/AllMovieMemorabilia"
BadDragon,NA
Bad_Cop_No_Donut,NA
Bahrain,NA
Baking,NA
Banished,NA
BankBallExchange,NA
Bankruptcy,NA
Barca,"r/FCBFemeni, r/Barcelona"
Barreling,NA
BasicIncome,NA
BasketballGM,NA
BasketballTips,NA
Bass,"r/basslessons, r/BassMemes, r/basspedals, r/basstabs, r/BassVI, r/bluesbass, r/doublebass, r/JazzBass, r/Luthier, r/Stick"
BattleJackets,"r/Metal, r/JacketKvlt, r/metaltrade, r/punk, r/AnarchoStencilism"
BattleNations,r/FrontierChronicles
Battlefield,"r/battlefield2042, r/Battlefield_Mobile, r/BattlefieldV, r/battlefield_one, r/battlefield_4, r/battlefield2042"
Bayonetta,NA
Beading,NA
BeardPorn,NA
BeardedDragons,NA
BeatdownHC,"r/Hardcore, r/Metalcore, r/Deathcore"
Beatmatch,"r/DJs, r/mobileDJ, r/Turntablists, r/DJsCirclejerk, r/DJSetups, r/SoundSystem, r/edmproduction"
BeautyAddiction,NA
BeautyBoxes,"r/bbexchange, r/makeupexchange, r/skincareexchange, r/Ipsy, r/boxycharm, r/Influenster, r/SkincareAddiction, r/MUAontheCheap, r/MakeupRehab, r/Causebox"
BeautyDiagrams,NA
Bellingham,"Announcement, r/PacificNorthwest, r/Washington, r/Whatcom, r/WWU, r/SeattleWA, r/vancouver, r/BhamBike, r/Lynden, r/TheDarkRoomBellingham"
BellyExpansion,NA
BendingWallpapers,NA
Beretta,NA
Berries,NA
Berserk,"r/berserklejerk, r/elfdimensionstyle, r/Duranki"
BestOfOutrageCulture,NA
Bestbuy,"Megathread, r/Bestbuy, r/GeekSquad"
BigBoobsGW,"r/ChubbyGirlsGW, r/Humongousaurustits, r/TheThiccness"
BigBoobsGonewild,NA
BigBrother,NA
BigEast,NA
BigHero6,"r/HoneyLemonBH6, r/disney, r/zootopia, r/Raya, r/wreckitralph, r/Tangled, r/Frozen, r/moana, r/BoltTheSuperdog"
Bikeporn,"r/bicycling, r/EveryDayRide"
BillBurr,NA
Biloxi,"r/mississippi, r/NewOrleans, r/MobileAL, r/KeeslerAFB"
BingRewards,NA
Bioshock,NA
BioshockInfinite,NA
BipolarReddit,NA
Birmingham,NA
BishoujoSenshi,NA
BitMarket,NA
BitTippers,NA
Bitcoin,"r/BitcoinBeginners, r/BitcoinMarkets, r/BitcoinDiscussion, r/Jobs4Bitcoins, r/TheLightningNetwork"
BitcoinBeginners,"r/BitcoinRealestate, r/BitcoinDeFi, r/bitcointrading, r/bitcoinpodcast, r/bitcoinhardware, r/HowToBuyBitcoin, r/BitcoinTutorial, r/crypto_currency, r/Bitcoin"
BitcoinMarkets,NA
BitcoinMining,"Announcement, r/BitcoinBeginners"
BlackPeopleTwitter,NA
Blacklight,NA
Blacksmith,NA
Bladesmith,NA
Blep,"r/AnimalsBeingDerps, r/blop, r/Blup, r/Cabbits, r/CatsInSinks, r/CatSlaps, r/KneadyCats, r/PeanutWhiskers, r/schrodinger, r/teefies"
Blizzard,"r/Overwatch, r/hearthstone, r/heroesofthestorm, r/wow, r/starcraft, r/Diablo, r/warcraft3, r/classicwow, r/overwatch2"
BloodWorld,NA
Blowjobs,NA
BlueCollarWomen,NA
BoJackHorseman,Announcement
Boardgamedeals,NA
Bobbers,NA
BodyAcceptance,"r/antidiet, r/BodyDysmorphia, r/EatingDisorders, r/healthateverysize, r/bigboobproblems, r/smallbooblove"
Boise,"r/boisebike, r/BoiseShows, r/nampa, r/TwinFalls, r/MoscowIdaho, r/boisejobs, r/BoiseList, r/BSUFootball, r/uofi"
BokuNoHeroAcademia,"r/BokuNoMetaAcademia, r/BNHA_OC_Characters, r/BnHAOnesJustice, r/BokuNoShipAcademia, r/WeeklyShonenJump"
Bombing,NA
Bondage,NA
BonerMaterial,"r/AssMasterpiece, r/TitsandAssLovers, r/DraculaBiscuits, r/hugeasses, r/AmazingCurves, r/WhiteCheeks, r/GodAsshole, r/pussyrating, r/MasturbationGoneWild"
BonersInPublic,NA
Bonsai,NA
Boobies,NA
BoomBeach,"r/boombeachrecruit, r/ClashOfClans, r/ClashOfClansRecruit, r/Brawlstars, r/BrawlRecruit, r/ClashRoyale, r/RoyaleRecruit, r/HayDay, r/boombeachfrontlines"
BorderCollie,NA
Borderlands,NA
Borderlands2,"r/Borderlands4, r/borderlands3, r/Borderlands2, r/BorderlandsPreSequel, r/Wonderlands, r/BorderlandsGuns, r/PandoranRedCross, r/Borderlandsshiftcodes, r/Borderlands"
BorderlandsPreSequel,"r/Borderlands4, r/borderlands3, r/Borderlands2, r/BorderlandsPreSequel, r/Wonderlands, r/BorderlandsGuns, r/PandoranRedCross, r/Borderlandsshiftcodes, r/Borderlands"
BorednIgnored,NA
BostonBruins,"r/bostonceltics, r/newenglandrevolution, r/Patriots, r/redsox, r/NEFreeJacks"
BostonTerrier,NA
BotanicalPorn,NA
Bowyer,NA
Boxer,NA
Boxing,NA
Bozeman,"r/MSUcats, r/Montana, r/bridgerbowl, r/bigsky, r/WestYellowstone, r/yellowstone, r/LivingstonMT, r/helena, r/Billings, r/missoula"
BradyHaran,NA
Brampton,NA
BraveFrontierRPG,NA
Bravenewbies,NA
Braves,NA
BravoRealHousewives,NA
Brawlhalla,"r/BrawlhallaCircleJerk, r/BrawlhallaFashion"
Brazil,"r/SubredditsBrasil, r/NovoNoReddit, r/brasil, r/saopaulo, r/riodejaneiro, r/BeloHorizonte, r/curitiba, r/brasilia, r/riograndedosul, r/Recife, r/SantaCatarina, r/Fortaleza, r/conversas, r/arco_iris, r/relacionamentos, r/sexualidade, r/relacionamentos, r/investimentos, r/Portuguese, r/ItHadToBeBrazil, r/asklatinamerica"
Breadit,"r/ArtisanBread, r/Sourdough, r/Baking, r/BreadMachines, r/Pizza, r/neapolitanpizza"
BreakingBenjamin,NA
BreastEnvy,NA
Brickton,NA
Briggs,NA
BritishSuccess,"r/britishproblems, r/TheRedLion, r/CasualUK, r/TeamGB, r/BritishTV, r/britpics, r/MentalHealthUK"
BritishTV,"r/bbc, r/AmazonPrimeVideo, r/netflix, r/hbo, r/cordcutters, r/BritishSitcoms, r/UKTVlive, r/oldbritishtelly, r/panelshow, r/AlanPartridge, r/blackmirror, r/doctorwho, r/DowntonAbbey, r/TheInbetweeners, r/TheITcrowd, r/merlinbbc, r/MitchellAndWebb, r/OnlyFoolsAndHorses, r/quiteinteresting, r/RedDwarf, r/Sherlock, r/TopGear, r/Sandman, r/TheCrownNetflix, r/PeakyBlinders, r/bakeoff, r/BridgertonNetflix, r/goodomens, r/HisDarkMaterialsHBO, r/Lovejoy"
Broadway,"Megathread, r/TheWestEnd, r/hamiltonmusical, r/musicals"
Brogres,"r/ShrekSuperSlam, r/OnionLovers"
Brogress,NA
Brooklyn,NA
Browns,"r/Cleveland, r/clevelandcavs, r/TheMassive, r/BlueJackets"
Buckethead,NA
Buddhism,"r/theravada, r/Mahayana, r/vajrayana, r/PureLand, r/chan, r/Dzogchen, r/EarlyBuddhism, r/Meditation, r/zenbuddhism, r/ChanPureLand"
BuddyCrossing,"r/NoFeeAC, r/acturnips, r/ACNHCustomDesigns, r/ACNHGardening, r/AnimalCrossingQRCodes, r/animalcrossingmeme, r/AnimalCrossingTours, r/animalcrossingdesign"
BudgetAudiophile,"r/AverageJoeAudiophile, r/hometheater, r/HTBuyingGuides, r/audio, r/audiophile, r/headphones, r/HeadphoneAdvice, r/PCSound, r/sound, r/TVTooHigh"
Buell,NA
Buffalo,"r/buffalobills, r/sabres, r/wnyauto, r/BuffaloBike, r/music_buffalo, r/Rochester, r/Syracuse, r/toronto, r/upstate_new_york"
BuildFightSystem,NA
BukkitCoding,NA
Bulges,NA
BullTerrier,Announcement
Bulldogs,NA
BurnNotice,NA
BurnayaRiverTradingCo,NA
BurningMan,NA
Bushcraft,"r/BushcraftClassifieds, r/BushcraftUK, r/Survival, r/foraging, r/AnimalTracking, r/Axecraft, r/WildernessBackpacking, r/CampingGear, r/CampfireCooking, r/alpinism, r/AppalachianTrail, r/backpacking, r/camping, r/CampingandHiking, r/Hammocks, r/Handspinning, r/homestead, r/knapping, r/knifetesting, r/myog, r/Outdoors, r/Permaculture, r/PrimitiveTechnology, r/selfreliance, r/SelfSufficiency, r/Shoestring, r/simpleliving, r/Spooncarving, r/TXoutdoors"
BustyPetite,NA
Butchery,NA
ButtSharpies,NA
Buttcoin,NA
BuyItForLife,NA
C25K,"r/b210k, r/running, r/barefoot, r/Sprinting, r/Fitness, r/loseit, r/GetMotivated, r/xxfitness, r/getdisciplined, r/runningmusic, r/onehundredpushup, r/200Situps, r/200Squats, r/150dips"
CAJmods,NA
CCW,NA
CFB,"r/fcs, r/cfbball, r/CFBOffTopic, r/cfbmeta, r/TheFulmerCup, r/CollegeBasketball, r/CFBAnalysis"
CFBAnalysis,NA
CFBOffTopic,NA
CFBStreams,"r/CFB, r/MLBStreams, r/NHLStreams, r/WWEstreams"
CFL,"r/BCLionsCFL, r/goelks, r/Stampeders, r/riderville, r/WinnipegBlueBombers, r/ticats, r/Argonauts, r/REDBLACKS, r/Alouettes, r/AtlanticSchooners"
CGPGrey,NA
CHIBears,"r/nfl, r/minnesotavikings, r/detroitlions, r/GreenBayPackers, r/NFCN, r/chicago, r/chicagobulls, r/hawks, r/CHICubs, r/chicagofire, r/whitesox"
CK2GameOfthrones,"r/CK3AGOT, r/ck2gotchallenges"
CLG,NA
CLOUDS,"r/CloudyAI, r/CloudyCG, r/EarthPorn, r/SkyPorn, r/atoptics, r/nature"
CNC,NA
COD,"r/CallofDutyHQ, r/BlackOps, r/Warzone"
CODGhosts,NA
CODZombies,"Megathread, Megathread, r/blackops6, r/ModernWarfareIII, r/CODVanguard, r/blackopscoldwar, r/Blackops4, r/WWII, r/Infinitewarfare, r/CallOfDuty"
COents,NA
COsnow,NA
CPAP,r/SleepApnea
CRH,NA
CRedit,NA
C_Programming,NA
CableManagement,NA
CafeRacer,"r/projectbike, r/HondaCB, r/MotoUK"
CafeRacers,NA
CalamariRaceTeam,NA
Calgary,NA
CalgaryFlames,"Announcement, r/hockey, r/Calgary, r/Stampeders"
California,NA
CallOfDuty,"Announcement, Announcement, r/blackops6, r/CODWarzone, r/ModernWarfareIII, r/CODZombies, r/ModernWarfareII, r/CODVanguard, r/blackopscoldwar, r/modernwarfare, r/Blackops4, r/WWII"
Calligraphy,"r/BrushCalligraphy, r/shufa, r/ArabicCalligraphy, r/calligraffiti, r/illuminatedmanuscript, r/ornamentalpenmanship, r/Handwriting, r/Lettering, r/SignPainting, r/typography"
Cameras,"r/photography, r/analog, r/toycameras, r/AskPhotography, r/AmateurPhotography, r/photomarket"
CampingandHiking,NA
CanadaHunting,NA
CanadaPolitics,NA
CanadianForces,Announcement
CanadianInvestor,NA
Canadian_ecigarette,NA
CandyMakers,NA
CannabisExtracts,NA
Canning,Announcement
CarAV,"r/carAVclassifieds, r/CarAVMemes, r/CarAVvendors, r/BuildaCarAVForMe, r/diyaudio, r/audiophile, r/hometheater, r/avporn, r/headphones, r/audio"
CardWars,NA
Cardinals,"r/stlouisblues, r/SaintLouisFC, r/StLouis, r/baseball, r/stlouiscitysc"
CarletonU,NA
Carpentry,NA
Cartalk,NA
Cascadia,NA
CastleClash,NA
CasualConversation,"r/CasualUK, r/indiasocial, r/FranceDetendue, r/CasualIreland, r/conversas, r/casualEurope, r/CasualPT, r/AussieCasual, r/casualcanada, r/diogenesclub, r/wholesomememes, r/toastme, r/FreeCompliments, r/CongratsLikeImFive, r/redditsings, r/wholesomereddit"
CasualCraft,NA
CasualPokemonTrades,NA
Catholicism,NA
CatsStandingUp,NA
CatsandCosmetics,NA
CautiousBB,NA
CelebrityButts,NA
CelebrityPokies,NA
Celebs,NA
CemeteryPorn,NA
CentralPerkRollers,NA
Cetacea,NA
ChanceTheRapper,Announcement
CharacterRant,NA
Charcuterie,NA
Chargers,NA
CharitableBets,NA
Charleston,NA
Charlotte,NA
CharlotteHornets,"r/GreensboroSwarm, r/panthers, r/canes, r/CharlotteFootballClub, r/nba, r/Charlotte, r/NorthCarolina, r/Basketball"
Chattanooga,"r/clevelandtn, r/Knoxville, r/nashville, r/PigeonForge, r/Tennessee, r/TennesseePolitics"
Cheap_Meals,NA
Cheese,"r/Mustard, r/tacos, r/cheesemaking, r/grilledcheese"
ChemicalEngineering,NA
CherokeeXJ,NA
Chevy,"r/Corvette, r/camaro, r/ChevyTrucks, r/Silverado, r/BoltEV, r/chevycolorado, r/ChevyTahoe, r/chevyspark"
ChevyTrucks,NA
ChiefKeef,"r/Glonavy, r/lilwayne, r/guccimane, r/LILGNAR"
Chikara,NA
ChildrenFallingOver,NA
China,"r/ChineseLanguage, r/chinesefood, r/travelchina, r/CDrama, r/cpop, r/ChineseHistory, r/China_News, r/Chinalaw, r/chinaart, r/CentralizedChinamemes, r/MartialMemes, r/cdramasfans, r/ChinaStocks, r/CasualChina, r/China_irl, r/shanghai, r/beijing, r/guangzhou, r/shenzhen, r/HongKong, r/Macau, r/Chengdu, r/chongqing, r/nanjing, r/hangzhou, r/taiwan, r/japan, r/korea, r/VietNam, r/Thailand, r/malaysia, r/singapore"
ChineseLanguage,"r/Cantonese, r/classicalchinese, r/hakka, r/languagelearning, r/ohtaigi, r/shanghainese, r/translator, r/asiandrama, r/chinesebookclub, r/chinesefood, r/ChineseHistory"
Chipotle,NA
ChivalryGame,NA
Christianity,Announcement
Christians,NA
Christmasdinner,NA
Chromecast,NA
ChronicPain,Announcement
Cinema4D,"r/AfterEffects, r/MotionDesign, r/3Dmodeling, r/Design, r/animation, r/vfx"
Cinemagraphs,NA
CircleGrump,NA
CityPorn,NA
CivAeon,NA
CivCraftAytos,NA
CivIV,NA
CivPapacy,NA
Civcraft,NA
CivilizatonExperiment,NA
ClashOfClans,"Announcement, Announcement, Megathread, r/ClashOfClansRecruit, r/COCBaseLayouts, r/RedditClanSystem, r/HayDay, r/BoomBeach, r/ClashRoyale, r/Brawlstars, r/SquadBusters"
ClashOfClansRecruit,NA
ClearBackblast,NA
Clemson,r/southcarolina
Cleveland,NA
ClickerHeroes,NA
ClimbingPorn,NA
Clojure,NA
ClopClop,NA
Cloud_Chasers,NA
Club_Nintendo,NA
CoD4Promod,r/CallOfDuty
CoDCompPlays,NA
CoDCompetitive,"r/BlackoutCompetitive, r/codvods, r/CoDCompPlays, r/OpTicGaming, r/Gamebattles"
Coachella,Megathread
CockOutline,"r/Bulges, r/PublicBulges, r/DickSlips, r/dickslip, r/ThroughTheFly, r/PitchingTents, r/TransparentCocks, r/SimplySporty, r/freeballing, r/tightywhities, r/MaleUnderwear, r/GayThong, r/boxershorts, r/BonersInPublic, r/ratemycock, r/ClothedMuscle, r/enhancedmalebutts"
Cockatrice,NA
CodAW,NA
CodeGeass,r/KimetsuNoYaiba
Coffee,NA
Coilporn,NA
Coins4Sale,NA
CollegeBasketball,"r/sports, r/nba, r/wnba, r/CFB, r/collegebaseball, r/NCAAW, r/BracketChallenge"
Colorado,NA
ColoradoAvalanche,NA
ColoradoRockies,"r/baseball, r/Denver, r/DenverBroncos, r/denvernuggets, r/ColoradoAvalanche, r/Rapids, r/VacationColorado"
ColoradoSprings,"r/Denver, r/DenverCirclejerk, r/boulder, r/ColoradoSprings, r/AuroraCO, r/parkerco, r/CentennialDTC, r/ColoradoPolitics, r/SwitchbacksFC, r/ColoradoAvalanche, r/DenverBroncos, r/ColoradoMammoth, r/denvernuggets, r/ColoradoRockies"
Colts,NA
Columbus,NA
ColumbusIT,"r/Columbus, r/ColumbusBeer, r/riddeit, r/columbusclassifieds, r/columbusmusic, r/ColumbusNerds, r/ColumbusPhotography, r/ColumbusSocial, r/Ohio, r/DelawareOH, r/dublinohio, r/Granvilleohio, r/hilliard, r/marysvilleohio, r/Pataskala, r/PowellOhio, r/westerville, r/nwofcolumbus"
ColumbusSocial,"r/Columbus, r/ColumbusFood"
CombatFootage,"r/aviation, r/CredibleDefense, r/geopolitics, r/Military, r/MilitaryPorn, r/MorbidReality, r/WarshipPorn, r/tacticalgear, r/TankPorn, r/UkraineWarVideoReport"
Comcast,NA
ComicBookCollabs,Megathread
ComicWriting,NA
CommercialAV,"r/VIDEOENGINEERING, r/audioengineering, r/livesound, r/audio, r/avporn, r/techtheatre, r/digitalsignage, r/crestron, r/QSYS"
CommercialCuts,NA
CommunismWorldwide,NA
CommunityBox,NA
CompanyOfHeroes,Announcement
CompetitiveEDH,NA
CompetitiveHS,"r/comphsdeleted, r/hearthstone, r/TheHearth, r/wildhearthstone, r/ArenaHS, r/BobsTavern, r/HSTournaments, r/HearthDecklists, r/HSCoaching, r/12winArenaLog"
CompetitiveHalo,NA
Concordia,"Announcement, r/UdeM, r/UQAM, r/mcgill, r/etsmtl, r/PolyMTL"
Connecticut,NA
Connery,NA
Conservative,"r/dailywire, r/AskThe_Donald, r/tories, r/Republican, r/ElectRonDeSantis, r/ConservativeMemes"
ConspiracyGrumps,NA
Constantine,NA
ContagiousLaughter,NA
ContemporaryArt,NA
ContestOfChampions,NA
CookieCollector,NA
Coprophiles,NA
Corvette,Megathread
Cosmos,NA
Costco,Megathread
CozyPlaces,"r/cozy, r/CabinPorn, r/cottagecore, r/bookshelf, r/AmateurRoomPorn, r/femalelivingspace, r/malelivingspace, r/PlantNook, r/christmas, r/ImaginarySliceOfLife"
CraftBeer,"r/beerreleases, r/beer, r/beerporn, r/Secondary_Glassware, r/UK_beer"
CrappyDesign,"r/assholedesign, r/onejob, r/crappyoffbrands, r/softwaregore, r/creepydesign, r/CrapperDesign, r/engrish, r/WTFwish"
CrazyHand,NA
CrazyIdeas,NA
Cricket,"r/EmergingCricket, r/WomensCricket, r/amateurcricket, r/RateMyCricket, r/CricketCopyPastas, r/ipl, r/WPL, r/MLC, r/the_hundred, r/Cricket19, r/Cricket22, r/DeathrattlePorn, r/frontfootporn, r/Stumpmicgold, r/NastyBouncers, r/fieldingporn, r/bumrahporn, r/suryakumaryadavporn, r/BangladeshCricket, r/CricketAus, r/EnglandCricket, r/IndiaCricket, r/irishcricket, r/PakCricket, r/srilankacricket, r/USAcricket, r/SAcricket, r/blackcapscricket, r/MumbaiIndians, r/csk, r/KolkataKnightRiders, r/SunrisersHyderabad, r/RajasthanRoyals, r/Gujarat_Titans, r/RCB, r/delhicapitals, r/LucknowSuperGiant, r/KXIP, r/LAKnightRiders, r/MINewYork, r/SanFranciscoUnicorns, r/SeattleOrcas, r/TexasSuperKings, r/WashingtonFreedom"
CringyThoughts,NA
CrohnsDisease,"r/UlcerativeColitis, r/IBD, r/ostomy, r/jpouch, r/Health, r/depression, r/Anxiety, r/SuicideWatch, r/shittingadvice, r/bidets"
CrossStitch,"r/Embroidery, r/Needlepoint, r/NintendoStitch, r/Stitchy, r/RandomActsOfCrafts, r/crafts, r/DrunkXStitch"
CrossView,NA
Crouton,NA
CrownVictoria,NA
Cruise,NA
CrunchBang,NA
CrusaderKings,NA
CryOfFear,NA
CryptoCurrency,"Happening now, Announcement"
CubeWorld,NA
Cubers,"r/CubersMemes, r/cubepics, r/Cubetrades, r/YouCubers, r/NewCubes, r/theocho"
Cubs,NA
CubsGoneWild,NA
Cuckold,NA
CuteGuyButts,NA
CyanideandHappiness,NA
Cyberpunk,NA
Cynicalbrit,NA
CysticFibrosis,"r/Asthma, r/diabetes, r/infertility, r/Anxiety, r/depression, r/Fitness, r/gainit, r/nutrition, r/slackerrecipes"
D3PS4,"r/PS5, r/PS4, r/PS4Deals, r/PS3, r/PSVR, r/ps2"
DAE,NA
DCcomics,"Megathread, r/comicbooks, r/dccomicscirclejerk, r/Marvel, r/ImageComics, r/valiant, r/comicbookcollecting, r/DCFU, r/Aquaman, r/batman, r/theflash, r/Greenlantern, r/GreenArrow, r/Nightwing, r/SuicideSquad, r/Superboy, r/Supergirl, r/superman, r/WonderWoman, r/arrow, r/BatmanCapedCrusader, r/BatwomanTV, r/BlackLightning, r/DCDoomPatrol, r/DCSuperHeroGirls, r/FlashTV, r/Gotham, r/GothamKnightsTVSeries, r/HarleyQuinnTV, r/LegendsOfTomorrow, r/lucifer, r/NaomiTV, r/Smallville, r/StargirlTV, r/supergirlTV, r/SupermanAdventures, r/SupermanAndLois, r/TitansTV, r/youngjustice"
DIY,"r/crafts, r/gardening, r/AskElectronics, r/somethingimade, r/HomeImprovement, r/metalworking, r/woodworking, r/finishing, r/fixit"
DIYBeauty,NA
DIY_eJuice,NA
DJSetups,NA
DJs,"r/Beatmatch, r/DJSetups, r/edmproduction, r/mobileDJ, r/rotarymixers, r/SoundSystem, r/Turntablists, r/vinyldjs, r/vjing, r/mixes"
DJsCirclejerk,NA
DMB,NA
DMT,NA
DRKCoin,NA
Dachshund,"r/dachshunds, r/dogpictures, r/dogs, r/AskVet, r/IVDD_SupportGroup"
DaftPunk,"r/electronicmusic, r/House, r/FrenchHouse, r/frenchelectro, r/EdBangerRecords"
Dallas,"r/askdfw, r/DFWJobs, r/DFWPets, r/DallasPolitics, r/CoronaVirusTX, r/ViralTexas, r/texas, r/Austin, r/houston, r/sanantonio, r/texashistory, r/cowboys, r/DallasStars, r/fcdallas, r/Mavericks, r/TexasRangers, r/downtowndallas, r/dallasisawesome, r/Allen, r/arlington, r/burleson, r/CarrolltonTX, r/Denton, r/FortWorth, r/frisco, r/garland, r/GrapevineTx, r/Keller, r/LewisvilleTX, r/McKinney, r/plano, r/Richardson, r/Rockwall, r/Rowlett, r/SouthlakeTexas"
DallasStars,NA
Damnthatsinteresting,"r/ThatsInsane, r/interestingasfuck, r/notinteresting, r/mildlyinteresting, r/woahdude, r/InternetIsBeautiful, r/theydidthemath"
DanceDanceRevolution,NA
DarkAngels,r/WomenOfColor
DarkEnlightenment,"Announcement, r/TheDailyMoldbug, r/TrollsOfDE, r/DarkEnlightenment"
DarkFuturology,NA
DarkRP,NA
DarkSouls2,"r/demonssouls, r/darksouls, r/bloodborne, r/darksouls3, r/Sekiro, r/Eldenring, r/fromsoftware"
DarkSoulsHelp,NA
DarkSoulsMods,NA
DatGuyLirik,Megathread
DataHoarder,NA
DaveAndBusters,NA
DavidBowie,NA
DayM,NA
DaystromInstitute,NA
DeadBedrooms,NA
DeadSpace,"r/Dead_Space_Remake, r/NegativeAtmosphere, r/DeadSpaceMemes"
Deathcore,NA
Deathmetal,NA
Debate,NA
DebateAChristian,NA
DebateAnAtheist,"r/DebateReligion, r/DebateAChristian, r/atheism, r/TrueAtheism, r/StreetEpistemology, r/changemyview, r/DebateEvolution, r/thegreatproject, r/excatholic, r/exchristian, r/exjew, r/exjw, r/exmormon, r/exscientology, r/exmuslim"
DebateAnarchism,NA
DebateCommunism,NA
DebateReligion,NA
DebateaCommunist,r/PoliticalDebate
Decemberists,NA
Decoders,NA
DeepIntoYouTube,NA
Degrassi,"Announcement, Announcement"
Delaware,"r/DelawareFriendship, r/WilmingtonDE, r/NewarkDE, r/udel, r/slowerlower, r/MOTDE, r/DelawarePolitics, r/DoverDE, r/DelawarENT"
Demonoid,NA
Denmark,"r/dankmark, r/dkfinance, r/selvgjortvelgjort, r/Fadervittigheder, r/Madoplevelser, r/NewToDenmark, r/foraeldreDK, r/dkudvikler, r/DKmandemand, r/DKstudie"
Dentistry,NA
Denton,NA
Denver,"r/denverjobs, r/denverlist, r/Colorado, r/AuroraCO, r/boulder, r/CentennialDTC, r/parkerco, r/denverautoenthusiasts, r/denverfood, r/DenverGamers, r/DenverGardener, r/denverfishclub, r/DenverMotorcycles, r/denvermusic, r/denverwhisky, r/denverwomen, r/ColoradoPolitics, r/ColoradoAvalanche, r/DenverBroncos, r/ColoradoMammoth, r/denvernuggets, r/DenverCutthroats, r/ColoradoRockies, r/Rapids"
DenverBroncos,"r/nfl, r/Denver, r/Colorado, r/ColoradoAvalanche, r/ColoradoRockies, r/denvernuggets, r/Rapids, r/CFB, r/CFL"
DenverCirclejerk,NA
DepthHub,NA
Dermatology,NA
DerryLondonderry,NA
DescentIntoTyranny,NA
Design,"r/architecture, r/CrappyDesign, r/design_critiques, r/identifythisfont, r/learndesign, r/logodesign, r/web_design, r/talesfromdesigners"
DesignMyRoom,Announcement
DesirePath,NA
Destiny,NA
DestinyMemes,"r/DestinyTheGame, r/raidsecrets, r/DestinyLore, r/destinycomics, r/DestinyErisMornPostin"
DestinyTheGame,NA
DestructiveReaders,NA
Detroit,Megathread
DetroitRedWings,"r/hockey, r/GrandRapidsGriffins, r/detroitlions, r/DetroitPistons, r/motorcitykitties"
DevinTownsend,"Announcement, Announcement"
DexNav,NA
Dexter,"r/betterCallSaul, r/breakingbad, r/ProdigalSon, r/MindHunter, r/MrRobot, r/HannibalTV, r/TrueDetective, r/homeland, r/Ozark"
DiWHY,NA
Diablo,"r/diablo2, r/DiabloImmortal, r/diablo3, r/diablo4, r/Diablo3Barbarians, r/Diablo3Crusaders, r/Diablo3Monks, r/Diablo3Necromancers, r/Diablo3witchdoctors, r/Diablo3Wizards"
Diablo3Crusaders,"r/Diablo3Barbarians, r/Diablo3DemonHunters, r/Diablo3witchdoctors, r/Diablo3Necromancers, r/Diablo3Monks, r/Diablo3Wizards"
Diablo3Monks,NA
Diablo3Wizards,NA
Diablo3XboxOne,NA
Diablo3witchdoctors,NA
Diesel,NA
DigitalPainting,NA
DimensionalJumping,NA
Dinosaurs,r/DinosaurDrawings
DippingTobacco,NA
DirtnGlitter,NA
DirtyGaming,NA
DirtyHeads,NA
DirtySnapchat,NA
DishonoredRP,NA
Disney_Infinity,NA
Disneyland,"r/DisneylandAP, r/whereindisneyland, r/disneyfood, r/rundisney, r/tradersams, r/thehauntedmansion, r/TikiRoom, r/disneyparks, r/DisneyWorld, r/disneylandparis, r/TokyoDisneySea, r/HongKongDisneyland, r/ShanghaiDisneyland, r/dcl, r/Aulani, r/dvcmember, r/disney, r/disneyphotography, r/DisneyMusic, r/disneybound, r/Disneycollegeprogram, r/D23, r/disneygifs, r/DisneyPinSwap, r/disneymarketplace, r/Anaheim, r/orangecounty, r/Themepark, r/themeparkphotography, r/rollercoasters"
DivinityOriginalSin,NA
Divorce,NA
DixieFood,NA
DnB,NA
DnD,"r/characterdrawing, r/DnDart, r/DnDBehindTheScreen, r/DnDGreentext, r/DnDIY, r/dndmaps, r/dndmemes, r/lfg, r/rpg"
DobermanPinscher,Announcement
DoctorWhumour,NA
Documentaries,"r/NewsHub, r/worldnewsvideo, r/boringdystopia, r/therewasanattempt, r/PublicFreakout, r/IRLEasterEggs"
Dodge,NA
Dodgers,"r/DodgersTicketSwap, r/baseball, r/LosAngeles, r/lakers, r/LAClippers, r/LAGalaxy, r/losangeleskings, r/LosAngelesRams, r/Chargers, r/LAFC"
DoesAnybodyElse,NA
DogCare,NA
DogShowerThoughts,"r/walkiesreport, r/dogswithjobs, r/greebles, r/legaldogadvice, r/legalcatadvice, r/LifePupperTips, r/pitbulls_in_partyhats, r/Zoomies, r/Dotty_McSnoot_N_Frens"
Dogeillionairemakers,NA
Dogtraining,"r/DogCare, r/dogstuff"
DonotPeeonFiona,NA
DontPanic,NA
Doom,NA
DotA2,"r/DotaAnime, r/learndota2, r/TrueDoTA2, r/Dota2Trade, r/DotaVods, r/compDota2, r/Artifact, r/underlords"
DotCom,"r/smallbusiness, r/StartingBusiness, r/business, r/llc, r/SaaS, r/SaaSSales"
Dota2Trade,NA
DotaConcepts,NA
Doublade,NA
Douchebagchocolat,Announcement
DowntonAbbey,NA
DragonAgeCoOp,NA
DragonNest,NA
DrawMyTattoo,NA
Dreadlocks,NA
DreamCrossing,NA
Dreams,"r/DreamInterpretation, r/Jung, r/LucidDreaming, r/Nightmares, r/precognition, r/Psychic, r/psychology, r/thisdreamihad"
Dreamtheater,"Announcement, r/Music, r/Metal, r/progmetal, r/progrock"
Drifting,NA
Driveclub,NA
DrugArt,NA
DrugNerds,NA
DrunkLego,NA
Dualsport,"Announcement, Announcement, r/motorcycles, r/Dirtbikes, r/motocamping, r/Motorrad, r/supermoto, r/ATV, r/Husqvarna, r/enduro, r/adv, r/klr650, r/KLX, r/dr650, r/DRZ400, r/CRF250L, r/XR650L, r/XR650R, r/WR450, r/xt250, r/HondaPitters, r/georgiadualsporting, r/pnwriders, r/ColoradoDualSport, r/DualsportBC, r/northeastdualsport"
Dublin,NA
DumpsterDiving,NA
DunderMifflin,NA
DungeonWorld,NA
DungeonsAndDragons,NA
DynastyFF,"r/DynastyFFTradeAdvice, r/Fantasy_Football, r/FFCommish, r/fantasyfootballadvice, r/FFIDP"
EA_NHL,"r/NHLHUT, r/EASHL, r/EANHLfranchise, r/hockey, r/PS4, r/PS5, r/xboxone, r/XboxSeriesX"
EAfifapc,NA
ECE,NA
ECR_Plus,NA
EDC,"r/CCW, r/EDCexchange, r/flashlight, r/guns, r/knifeclub, r/knives, r/pens, r/VEDC, r/Watches, r/onebag"
EDH,NA
EDM,NA
ELINT,NA
ELTP,"r/TagPro, r/MLTP, r/OLTP, r/EuropeanTagPro, r/ChordContenders"
ENFP,NA
EQ2,NA
ERB,NA
ESOGuildEU,NA
EarthPorn,NA
Earwolf,NA
EatCheapAndHealthy,NA
EatingDisorders,"r/EDAnonymous, r/AnorexiaNervosa, r/bulimia, r/fuckeatingdisorders, r/ARFID, r/EatingDisorders_male"
Ebay,NA
Ebony,"Announcement, r/lightskinbeauties, r/MelaninVixens, r/GWBlackGirls, r/ebonyfeet, r/BlackBrownFEET, r/PLASTTv2, r/BlackCosplayGirls, r/ebonyhomemade, r/ebonyamateurs"
Economics,"Announcement, r/Economics, r/AskEconomics, r/badeconomics, r/EconomicHistory"
Eddsworld,NA
Edmonton,"Megathread, Megathread, r/alberta, r/AlbertaBeer, r/albertajobs, r/AlbertaPhotography, r/Blatchford, r/CanadianForces, r/edmontoncycling, r/Edmonton_Drones, r/EdmontonJobs, r/EdmontonMarijuana, r/FCEdmonton, r/FortSaskatchewan, r/grantmacewan, r/Leduc, r/MetisMichif, r/pokemongoyeg, r/uAlberta, r/YEGDashCam, r/yegvegan, r/casualcanada"
EdmontonOilers,NA
Egypt,"r/askegypt, r/PersonalFinanceEgypt, r/ExEgypt, r/LGBTEgypt"
ElPaso,"Announcement, r/Juarez, r/LasCruces, r/texas, r/UTEP, r/nmsu, r/915eats"
ElderScrolls,"Announcement, r/TESVI, r/skyrim, r/oblivion, r/Morrowind, r/Daggerfall, r/Arena, r/elderscrollsonline, r/ESCastles, r/BethesdaSoftworks, r/TrueSTL, r/teslore, r/SkyrimMemes, r/skyblivion, r/skywind, r/morroblivion, r/ElderScrollsBuilders"
ElectricForest,"r/festivals, r/SpaceBass, r/electronicmusic"
ElectricalEngineering,"r/ECE, r/DSP, r/AskEngineers, r/AskElectronics, r/engineering, r/EngineeringStudents, r/FPGA, r/electronics, r/ECEComponentExchange, r/EngineeringResumes"
EliteBountyHunters,NA
EliteDangerous,NA
EliteMiners,NA
EliteTraders,NA
Elsanna,NA
Emailmarketing,"r/kickstartergames, r/Kickstarters, r/SaaS"
EmeraldPS2,NA
Eminem,NA
EmmaBlackery,NA
EmmaStone,NA
EmmaWatson,NA
Emo,NA
EmoScreamo,"r/Emo, r/Sadderstar, r/emodiaries, r/SophiesFloorboard, r/Whitebeltscreamo"
Emoji,NA
Encopresis,NA
EndlessWar,NA
EnemyTerritory,NA
EngineeringStudents,NA
EngorgedVeinyBreasts,NA
Enhancement,NA
EnoughLibertarianSpam,NA
Entomology,NA
Entrepreneur,NA
EntrepreneurRideAlong,"Announcement, Announcement, Announcement"
Epilepsy,NA
Equestrian,"r/Horses, r/polo, r/horseracing, r/HorseRacingUK, r/olympics, r/paralympics"
Eragon,"Megathread, Megathread, r/EragonMemes, r/Fractalverse"
EroticRolePlay,NA
Esperanto,NA
Etsy,"r/ArtisanGifts, r/craftexchange, r/Entrepreneur, r/growmybusiness, r/handmadeamazon, r/HandmadeStuff, r/indiebiz, r/ladybusiness, r/Random_Acts_of_Etsy, r/smallbusiness"
Eugene,NA
EuroTruck2,NA
EuropeanCulture,"r/Gotterfunken, r/2westerneurope4u, r/AlandIslands, r/Asi_va_Espana, r/BasedGeorgia, r/BrexitMemes, r/Crimea, r/drogen, r/EUnews, r/EUR_irl, r/EuroCoins, r/EuropeanArmy, r/EuropeanCulture, r/EuropeanFederalists, r/europeanunion, r/EUSpace, r/eutech, r/Frenchhistorymemes, r/GenEU, r/Innsbruck, r/Kleiderschrank, r/LoveForUkraine, r/mariupol, r/rench, r/ResearchChemicalsNL, r/Sakartvelo, r/SannaMarinFanclub, r/Transylvania, r/ukraine, r/VoltEuropa, r/YUROP"
Eve,NA
Everton,NA
EverythingScience,NA
EvilLeagueOfEvil,NA
EvolveGame,NA
ExNoContact,"r/relationships, r/BreakUps, r/dating, r/dating_advice"
Exercise,NA
ExpectationVsReality,NA
ExplainLikeImCalvin,"r/calvinandhobbes, r/explainlikeimfive"
ExploreFiction,NA
ExposurePorn,NA
F1FeederSeries,"r/formula1, r/FormulaE, r/INDYCAR, r/Karting, r/btcc, r/ExtremeE, r/IMSARacing, r/NASCAR, r/motogp, r/Sportscar_Racing, r/super_gt, r/v8supercars, r/wec"
FCJbookclub,NA
FFXIVGlamours,NA
FFXIVRECRUITMENT,"r/ffxiv, r/ffxivraf, r/ffxivmeta"
FIFACoins,NA
FIU,"r/Miami, r/MDC, r/soflojobs, r/MiamiMusicScene"
FLCL,"r/anime, r/manga, r/thepillows"
FL_Studio,"r/WeAreTheMusicMakers, r/musicproduction, r/MusicProductionDeals, r/electronicmusic, r/idm, r/MusicFeedback, r/Learnmusic, r/edmproduction, r/ThisIsOurMusic, r/SpotifyPlaylists"
FL_Vapers,NA
FML,NA
FNaF,NA
FRC,NA
FREE,Announcement
Facer,NA
Faces,"r/FaceExpressions, r/FacesRate"
Facials,NA
Fairbanks,NA
FallOutBoy,NA
Fallout,NA
FanFiction,NA
FanTheories,"r/ShittyFanTheories, r/AskScienceFiction, r/AnimeTheory, r/TheHobbit, r/LV426, r/firefly"
Fantasy,r/Fantasy
FantasyBookers,NA
FantasyPL,NA
FantasySciencePowers,NA
FarmersMarket,"r/CSA, r/DoubleUpFoodBucks"
FaroeIslands,NA
FashionReps,Announcement
Favors,NA
FeMRADebates,"r/MensRights, r/PurplePillDebate, r/feminisms, r/TheMotte, r/LeftWingMaleAdvocates, r/Egalitarianism, r/PoliticalDebate, r/FeminismUncensored, r/IntersectionalFems, r/GenderDialogues"
Feels,NA
Femaleorgasmdenial,"r/orgasmcontrol, r/maleorgasmdenial"
Feminism,NA
FeminismReloaded,NA
FemmeThoughts,NA
Fencing,"r/classicalfencing, r/Hema, r/iaido, r/kendo, r/sca, r/SWORDS, r/wma"
Ferrari,"r/scuderiaferrari, r/CharlesLeclerc, r/Carlo55ainz"
Fibromyalgia,NA
FictionBrawl,NA
Fidelity,NA
FierceFlow,NA
FifaCareers,NA
FifaWorldPC,NA
FiftyFifty,NA
Filmmakers,NA
FilthyFrank,NA
FinalFantasy,NA
FinancialCareers,NA
FindAUnit,r/arma
FirePorn,NA
Firearms,"r/ar15, r/guns, r/gundeals, r/Hunting, r/CCW, r/dgu, r/Shotguns, r/2ALiberals, r/300BLK, r/DIYGuns, r/longrange, r/ak47, r/SmallGroups, r/fosscad, r/22lr, r/9mm, r/10mm, r/300BLK, r/rimfire, r/65Grendel, r/68SPC"
Firefighting,"r/hazmat, r/ems, r/Wildfire, r/ProtectAndServe"
Fireteams,NA
Fishing,NA
FitAndNatural,NA
Fitness,NA
Fiveheads,NA
FixedGearBicycle,"r/BIKEPOLO, r/FGFS, r/singlespeedcycling, r/bicycling, r/cycling, r/ladycyclists, r/cyclocross, r/MTB, r/bikewrench, r/wheelbuild"
FlashTV,"r/DCTV, r/arrow, r/BatwomanTV, r/BlackLightning, r/LegendsOfTomorrow, r/NaomiTV, r/StargirlTV, r/supergirlTV, r/SupermanAndLois"
FlashingGirls,NA
Flipping,NA
FloridaGators,"Announcement, r/SECPigskin, r/ufl, r/GNV"
FloridaMan,NA
Floridar4r,NA
FlossCrew,NA
Flyers,NA
Foamed,"r/EKGs, r/emcrit, r/emergencymedicine, r/ems, r/medicine, r/medicalschool, r/Radiology"
FocusST,NA
FolkPunk,"Announcement, r/folk, r/punk, r/celticpunk, r/folkmetal, r/OutlawCountry"
FoodAddiction,"r/OvereatersAnonymous, r/BingeEatingDisorder, r/bulimia, r/EatingDisorders, r/eating_disorders, r/CompulsiveOverEaters, r/AnorexiaNervosa"
FoodPorn,NA
Food_Pantry,NA
Foodforthought,"r/DepthHub, r/InsightfulQuestions, r/CriticalTheory, r/TrueReddit, r/Photoessay"
Foofighters,"r/beatles, r/Nirvana, r/RedHotChiliPeppers, r/ledzeppelin, r/weezer, r/queen, r/qotsa, r/Coldplay, r/rush, r/CageTheElephant"
FootFetish,"Announcement, r/soles, r/prettyfeet, r/ebonyfeet, r/AsianFeet, r/latinafeet, r/BlackBrownFEET, r/PLASTTv2"
Ford,"r/BroncoSport, r/f150, r/FordFocus, r/FordBronco, r/fordfusion, r/FordDiesels, r/FordMaverickTruck, r/fordranger, r/FordTrucks, r/Mustang, r/MachE, r/FordRaptor, r/FordExplorer, r/fordescape, r/TaurusSHO, r/CrownVictoria"
ForeverAlone,"Announcement, r/ForeverAloneDating, r/ForeverAloneWomen"
ForeverAloneDating,"Announcement, r/ForeverAlone, r/ForeverAloneWomen"
ForeverAloneWomen,NA
Forex,NA
FormulaE,NA
FormulaFeeders,NA
FortCollins,"r/FortCollinsGrows, r/Colorado, r/EstesPark, r/loveland, r/Greeley, r/COBike, r/COsnow"
FractalPorn,NA
FraggedEmpire,NA
Frasier,NA
Frat,NA
FreckledGirls,NA
FreeBits,NA
FreeCompliments,NA
FreeEBOOKS,NA
FreebiesUK,NA
Freeclams,NA
Freestyle,NA
Freethought,NA
French,"r/Livres, r/CineSeries, r/jeuxvideo, r/languagelearning, r/learnfrench, r/WriteStreak, r/JudgeMyAccent"
Frihet,NA
Frostmaneminecraft,NA
Frozen,"r/disney, r/Tangled, r/wreckitralph, r/BigHero6, r/zootopia, r/moana, r/DisneyRaya"
Frugal,"r/cordcutters, r/NoContract, r/personalfinance, r/povertyfinance, r/Shoestring, r/Weddingsunder10k, r/EatCheapAndHealthy, r/MealPrepSunday, r/noscrapleftbehind, r/cookingforbeginners, r/Cooking, r/EatCheapAndVegan, r/Canning, r/FrugalKeto, r/slowcooking, r/52weeksofcooking, r/Anticonsumption, r/declutter, r/FrugalUrbanHermits, r/gardening, r/simpleliving, r/upcycling, r/ZeroWaste, r/Visiblemending, r/DIY, r/FrugalShopping, r/buildapc, r/BuyItForLife, r/SuggestALaptop, r/ThriftStoreHauls, r/whatcarshouldIbuy, r/frugalmalefashion, r/FrugalFemaleFashion"
FrugalFemaleFashion,NA
Frugal_Jerk,"r/Frugal, r/BuyItForLife_Jerk, r/PFJerk, r/squatting, r/vandwellers, r/DumpsterDiving, r/Anticonsumption"
FulfillmentByAmazon,NA
FullmetalAlchemist,"r/HellsParadise, r/KimetsuNoYaiba, r/manganews, r/bleach, r/MonsterAnime, r/evangelion, r/BokuNoHeroAcademia, r/GinnoSaji, r/YomiNoTsugai, r/HeroicLegendofArslan"
Fullmoviesonvimeo,"r/fullmoviesonyoutube, r/Documentaries"
FunnyStockPics,NA
FurryArtSchool,"r/furry, r/anthro, r/scaley, r/furry_catwalk, r/ICanDrawThatFurry, r/YiffUniversity"
FutureWhatIf,NA
Futurology,NA
GCNintendontLoader,NA
GCXRep,NA
GERD,Announcement
GITCP,NA
GNV,NA
GODUS,Announcement
GODZILLA,"r/Monsterverse, r/kaiju, r/kingkong, r/Mothra, r/PacificRim, r/Gamera, r/Ultraman, r/moviemonsterporn, r/Tokusatsu"
GOTHEFTOSLEEP,NA
GPGpractice,NA
GSP_Photos,NA
GTA,"r/GTA6, r/gtaonline, r/GTATrilogy, r/rockstar, r/reddeadredemption, r/bully"
GTAA,NA
GTAContent,NA
GTAPhotography,NA
GTAV,"Happening now, r/gtaonline"
GWABackstage,NA
GWAR,NA
GYBB,NA
GakiNoTsukai,"r/JapaneseGameShows, r/neverchangejapan, r/FunnyJapan"
GalacticGuardians,NA
Galactium,NA
GalaxyNote3,NA
GalaxyS3,NA
GalaxyTab,NA
GameDeals,"r/GameDealsMeta, r/Games, r/AppHookup, r/buildapcsales, r/vrgamedeals, r/ShouldIbuythisgame, r/SteamGameSwap, r/indiegameswap, r/patientgamers"
GameDealsMeta,NA
GameOfWar_FireAge,NA
GamePhysics,"r/Games, r/softwaregore, r/truegaming"
GameSale,NA
GameShare,NA
GameStop,NA
GameTheorists,"r/FilmTheorists, r/GTLive, r/FoodTheorists, r/StyleTheorists, r/gametheorymemes"
GameTrade,NA
Gameboy,NA
Gamecube,NA
GameofThronesRP,NA
GamerGhazi,"r/AmalaNetwork, r/GhaziGamer"
GamerPals,"r/Needafriend, r/penpals, r/Kikpals, r/r4r, r/GFD, r/XboxGamePass, r/GamePassGameClub, r/tipofmyjoystick, r/gaming, r/LeagueConnect, r/Valorant_LFG, r/ApexLFG, r/Fireteams, r/OverwatchLFT"
GamerVideos,NA
Games,"r/gaming, r/truegaming, r/gamernews, r/gamingsuggestions, r/ShouldIbuythisgame, r/AskGames, r/GameDeals, r/Gaming4Gamers, r/buildapc, r/GamePhysics"
Gaming4Gamers,NA
GasBlowBack,NA
GayBroTeens,"Megathread, Announcement, r/BisexualTeens, r/LGBTeensCastellano, r/lesbianteens, r/asexualteens"
GayChubs,NA
GayDaddiesPics,"r/DadsAndBoys, r/gayyoungold, r/GayDaddyPorn, r/Daddyhunt, r/grindr, r/Scruff, r/GROWLR, r/DadsGoneWild, r/ondww, r/dadbod, r/dilf, r/DILFs, r/daddybears"
GaybrosGoneWild,"r/gaymersgonewild, r/gaybrosgonemild, r/GaymersGoneMild, r/broslikeus, r/ladybonersgw, r/gayotters, r/CuteGuyButts"
Gear4Sale,NA
GearVR,NA
GearsOfWar,NA
Gemcraft,NA
Genealogy,NA
Geocentrism,NA
German,NA
GermanMilitaria,NA
GermanPractice,NA
GetMotivated,NA
GetStudying,NA
Ghosts,NA
GifSound,NA
GiftofGames,NA
GilmoreGirls,NA
GirlGamers,NA
GirlsCuddlingPuppies,"r/GirlsCuddlingPuppies, r/AirSwimming"
GirlsFinishingTheJob,NA
GirlsInDiapers,NA
GirlsMirin,NA
GirlsinLaceFishnets,"r/SexyGirlsInBoots, r/highheelsNSFW, r/legs, r/WhyEvenWearAnything, r/MicroBikini, r/slingbikini, r/sexygirlsinjeans, r/ModelsGoneMild, r/bikinis, r/classysexy"
GirlswithGlasses,"r/bikinis, r/burstingout, r/palegirls, r/SexyFrex, r/Hotchickswithtattoos, r/SexyGirlsInBoots, r/TinyTits, r/GirlsinLaceFishnets, r/sexygirlsinjeans, r/tight_shorts"
GirlswithNeonHair,"r/BigBootyPorn, r/DecoratedNipples, r/NotVanilla, r/NSFWCostumes, r/Publicsex, r/RateMyRack, r/StockingsAndHighHeels, r/MassiveTitsnAss"
GiveMeTheVirus,NA
Gliding,NA
Glitch_in_the_Matrix,NA
GlobalOffensive,"Happening now, Announcement, r/LearnCSGO, r/CSeventVODs, r/GlobalOffensiveTrade, r/csgomarketforum, r/csmapmakers, r/RecruitCS, r/csworkshop, r/CounterStrikeBinds, r/randomactsofcsgo"
GlobalOffensiveTrade,"r/GlobalOffensive, r/csgo, r/counterstrike, r/LearnCSGO, r/randomactsofcsgo, r/csgobetting, r/SteamGameSwap, r/Dota2Trade, r/SteamTradingCards, r/h1z1market"
GlobalPowers,NA
Glocks,"r/GunAccessoriesForSale, r/guns, r/tacticalgear, r/gundeals, r/CCW, r/GlockMod, r/Firearms, r/GunPorn, r/guns"
GoNets,NA
GoRVing,NA
GoTPowers,NA
GoTRPcommunity,NA
GoalKeepers,NA
GodlessWomen,NA
GolfGTI,"r/Volkswagen, r/Golf_R, r/JettaGLI, r/Audi, r/cars, r/Autos, r/Cartalk, r/Hatchback, r/askcarsales, r/MechanicAdvice"
GoneErotic,Announcement
GoneInsane,NA
GoneMild,NA
GoneMildPlus,NA
GoneWildCD,"r/FemBoys, r/GoneWildTrans"
GoneWildPlus,"r/BraHub, r/GodlyFeet, r/amateur_milfs, r/booty_queens, r/AmateurPorn, r/maturemilf, r/Mommy_tits, r/Thicker, r/WhiteCheeks"
GoneWildSmiles,NA
GoneWildTrans,NA
GoneWildTube,"r/Doggystyle_NSFW, r/AlldayfuckNSFW"
Good_Cop_Free_Donut,NA
GoogleCardboard,NA
GoogleMaps,NA
GotG,"r/Marvel, r/marvelstudios, r/Avengers, r/DisneyPlus, r/comicbooks, r/xmen, r/loki"
GothStyle,NA
GradSchool,NA
Graffiti,"r/streetart, r/handstyles, r/freights, r/blackbookgraffiti, r/graffhelp, r/StreetStickers"
GrandTheftAutoV,"r/gtaonline, r/HeistTeams, r/GrandTheftAutoV_PC, r/gtaglitches, r/GTAContent, r/GTA_Vinewood, r/gtaonlinecrews, r/rockstar, r/GTA, r/reddeadredemption, r/RedDeadOnline, r/lanoire, r/bully, r/maxpayne"
GrandTheftAutoV_PC,"r/GTA, r/gtaonline, r/GrandTheftAutoV, r/GTAV, r/HeistTeams, r/GTAV_Cruises"
GreenBayPackers,"r/MkeBucks, r/Brewers, r/WisconsinBadgers, r/NFCNorthMemeWar"
GreenDawn,NA
GreenMountainGaming,NA
Greenhouses,NA
Greyhounds,NA
Greypo,NA
GreypoCounting,NA
Grimdawn,NA
GripTraining,"r/weightroom, r/Strongman, r/climbharder, r/SteelBending, r/powerlifting, r/bodyweightfitness, r/bodybuilding, r/climbing, r/bjj, r/Parkour"
GuessTheMovie,NA
GuildWars,NA
GuildWarsDyeJob,r/Guildwars2
Guildwars2,"r/guildrecruitment, r/GuildWarsDyeJob, r/guildwars2funny, r/Gw2WvW, r/gw2economy, r/GW2Exchange, r/Gw2CreatorsCorner"
Guitar,Megathread
GuitarHero,NA
Gundam,NA
Gunners,"r/ArsenalWFC, r/soccer, r/GunnersatGames"
Gunpla,NA
GunsAreCool,r/guncontrol
GunsOfIcarus,Announcement
HAMCraft,NA
HAWKEYE,NA
HFY,"r/HumansAreMetal, r/redditserials"
HIFW,NA
HIMYM,r/HowIMetYourFather
HPMOR,NA
HPfanfiction,"r/harryandfleur, r/drarry, r/HPharmony"
HSTrack,NA
HTCOneM8,NA
HUKD,NA
HVAC,"r/hvacadvice, r/ProHVACR, r/refrigeration, r/Construction, r/AirConditioners, r/UnitedAssociation"
Habs,"r/montreal, r/lavalrocket, r/montrealimpact, r/Alouettes, r/expos, r/GarlicBreadMemes"
Haganai,NA
HailCorporate,NA
Hair,"r/FancyFollicles, r/curlyhair, r/femalehairadvice, r/malehairadvice, r/HairDye, r/BehindTheChair, r/longhair, r/HaircareScience"
HaircareScience,"r/FancyFollicles, r/malehairadvice, r/femalehairadvice, r/NoPoo, r/curlyhair, r/Naturalhair, r/SkincareAddiction"
HairyPussy,NA
HalfLife,NA
HaloStory,NA
HamRadio,NA
Hamilton,"r/McMaster, r/mohawkcollege, r/BurlingtonON, r/brantford, r/niagara, r/oakville, r/toronto, r/ontario, r/onguardforthee, r/canada"
Hammers,"Happening now, r/soccer, r/PremierLeague, r/FantasyPL, r/footbaww, r/HammersVideo"
Hammocks,NA
Handwriting,"r/Scribes, r/bulletjournal, r/penmanship, r/fountainpens, r/PenmanshipPorn, r/Chinese_handwriting, r/Transcription"
HannibalTV,"r/HannibalFanfiction, r/HANNIGRAM"
HappyEmbarrassedGirls,NA
HappyWars,NA
Hardcore,NA
Harley,"r/motorcycles, r/HDSwap, r/sportster, r/baggernation, r/Dyna, r/IndianMotorcycle"
HaroldPorn,NA
Hatfilms,NA
Hawaii,"r/UniversityofHawaii, r/UHManoa, r/HawaiiGardening, r/BigIsland, r/Oahu, r/maui, r/kauai"
HayDay,"r/ClashOfClans, r/ClashRoyale, r/Brawlstars, r/BoomBeach, r/HayDayPop"
HeadyBoro,NA
Health,NA
HealthyFood,"r/appetizers, r/EatCheapAndHealthy, r/food, r/nutrition, r/Cooking, r/FoodVideos, r/studentfood"
HeavySeas,"r/AquaticAsFuck, r/HeavyFuckingWind, r/thalassophobia, r/TheDepthsBelow, r/ThatsInsane"
Heavymind,NA
HecklerKoch,NA
HelpMeFind,NA
HerbGrow,"r/cannabis, r/Marijuana, r/CannabisExtracts, r/Drugtests, r/Petioles, r/CannabisSeedsBank"
HereComesTheBoom,NA
HeresAFunFact,NA
HermitCraft,"Megathread, r/Minecraft, r/mcservers, r/mindcrack, r/hermitchat, r/Unexpectedhermitcraft, r/VaultHuntersMinecraft, r/ThirdLifeSMP"
HeroRP,NA
Heroclix,NA
HeroesandGenerals,NA
HeroesofNewerth,NA
HighEndMakeup,NA
HighQualityGifs,"r/hero0fwar, r/HighQualityGifs, r/AlwaysSunnyGifs, r/GifTournament, r/reactiongifs, r/elpinko"
HighResNSFW,NA
HighlightGIFS,NA
HighschoolDxD,NA
HipHopImages,NA
Hiphopcirclejerk,NA
HistoricalWorldPowers,NA
HistoryPorn,NA
HistoryWhatIf,NA
HoldMyNip,NA
HomeImprovement,NA
HomeNetworking,NA
Homebrewing,"r/cider, r/mead, r/winemaking, r/firewater, r/TheBrewery, r/TheHopyard, r/brewgearfs, r/grainfather, r/Kombucha, r/HBL"
HomestarRunner,"r/lol, r/wheredidthesodago, r/animation, r/oneliners, r/tmbg, r/gravityfalls, r/telltale"
Homesteading,"r/Agriculture, r/aquaponics, r/BackYardChickens, r/Beekeeping, r/Cooking, r/DIY, r/gardening, r/goats, r/livingofftheland, r/SelfSufficiency, r/Baking, r/bugout, r/Canning, r/cheesemaking, r/fermentation, r/Fishing, r/fixit, r/Homebrewing, r/mycology, r/OffGridLiving, r/MeatRabbitry, r/UrbanGardening, r/UrbanAgriculture, r/veganhomesteading"
Honda,NA
HongKong,"Megathread, r/Cantonese, r/CasualHK, r/HongKongMusic, r/Macau, r/taiwan, r/guangzhou, r/China, r/HKdramas, r/HongKongOutdoors, r/ChineseLanguage"
HopelessAdventures,NA
Horses,NA
HotWheels,"r/matchbox, r/Maisto, r/tomica, r/GreenlightLLC, r/greenlightdiecast, r/Diecast, r/DiecastCustoms, r/DiecastCollectors, r/HotWheelsPOV, r/HotWheelsVids"
Hotchickswithtattoos,"r/SexyFrex, r/SexyGirlsInBoots, r/GirlsinLaceFishnets, r/SceneGirls, r/bikinis, r/TinyTits, r/HighResNSFW, r/legs, r/highheelsNSFW, r/sexygirlsinjeans"
Hotwife,"r/HotWifeRequests, r/HotwifeAdvice, r/HotWifeLifestyle"
House,NA
HouseMD,"r/BloodofZeus, r/dcanimateduniverse, r/JackieChanAdventures"
HouseOfCards,NA
Houseporn,NA
HoustonClassifieds,NA
HowToHack,NA
HugeDickTinyChick,"r/ThickThighs, r/JizzedToThiss, r/BornToBeFucked, r/SexyButClothed, r/ChaturbateCam, r/OnlyFansGirlsHQ, r/Adorable_Nudes, r/PussyPerfectionX, r/AmIFuckWorthy, r/SuperSluts, r/OnlyKarma"
Hugeboobshardcore,NA
Hulugans,NA
HumanPorn,NA
Hungergames,"r/MazeRunner, r/HungerGamesFanfiction"
HunterXHunter,"r/hunterxdank, r/HatsuVault, r/HxH_OC"
Hunting,NA
HuntsvilleAlabama,"Announcement, Happening now, r/UAH, r/decaturalabama, r/Madisonalabama, r/Alabama, r/HuntsvilleAlabamaJobs, r/huntsvillehavoc, r/HarvestAlabama"
Huskers,NA
HybridAnimals,NA
HyruleWarriors,NA
IASIP,NA
IAmA,NA
ICanDrawThat,Announcement
IDAP,NA
IDontWorkHereLady,NA
IKEA,"r/ikeahacks, r/ikeaPCstations, r/tradfri"
INGLIN,NA
INTP,Megathread
IOPsychology,NA
ITcrowd,NA
IWantOut,NA
IWantToLearn,NA
Iambread,NA
IceFishing,NA
Iceland,"r/klakinn, r/Tonlist, r/VisitingIceland, r/learnIcelandic, r/AskAnIcelander, r/icelandicmusic, r/translator"
IconForHire,NA
Idaho,NA
IdiotsFightingThings,NA
Ijustwatched,NA
Illustration,"Announcement, r/drawing, r/Paintings, r/AbstractArt, r/SketchDaily"
Im14andthisisWTF,NA
ImageStabilization,NA
Images,NA
ImaginaryBattlefields,"r/ImaginaryFutureWar, r/ImaginarySoldiers, r/ImaginaryVehicles, r/ImaginaryWarriors, r/ImaginaryWarships, r/ImaginaryWastelands, r/ImaginaryWeaponry, r/DestructionPorn, r/MilitaryPorn, r/TankPorn"
ImaginaryCharacters,"r/fantasyartists, r/ImaginaryLandscapes, r/ImaginaryMonsters, r/ImaginaryTechnology"
ImaginaryCityscapes,"r/ImaginaryBestOf, r/ImaginaryArchitecture, r/ImaginaryCastles, r/ImaginaryDwellings, r/ImaginaryFuturism, r/ImaginaryInteriors, r/ImaginaryMindscapes, r/papertowns, r/SuperStructures, r/WholesomeFantasyArt"
ImaginaryDragons,"r/BadAssDragons, r/AdorableDragons, r/ImaginaryBestOf, r/ImaginaryBehemoths, r/ImaginaryHybrids, r/ImaginaryKnights, r/ImaginaryLeviathans, r/ImaginaryWorldEaters, r/SympatheticMonsters, r/WholesomeFantasyArt"
ImaginaryGiants,NA
ImaginaryGreypo,NA
ImaginaryLandscapes,NA
ImaginaryMonsters,NA
ImaginaryNatives,NA
ImaginaryTurtleWorlds,NA
ImaginaryWarriors,"r/ImaginaryBestOf, r/ImaginaryArchers, r/ImaginaryArmor, r/ImaginaryBattlefields, r/ImaginaryDwarves, r/ImaginaryFutureWar, r/ImaginaryKnights, r/ImaginaryOrcs, r/ReasonableFantasy, r/characterart"
ImaginaryWesteros,"r/ImaginaryBestOf, r/ImaginaryCastles, r/ImaginaryDragons, r/ImaginaryKnights, r/ImaginaryNobles, r/characterart, r/ReasonableFantasy, r/WholesomeFantasyArt, r/WholesomeSliceOfLife"
ImpracticalJokers,"r/tesdcares, r/whatsayyoupod, r/SurpriseSal"
IndianGaming,NA
Indiana,"r/BallState, r/butleruniversity, r/IndianaUniversity, r/indstate, r/IUPUI, r/notredame, r/Purdue, r/rosehulman, r/valpo"
IndianaHoosiers,NA
IndieGaming,NA
Indiemakeupandmore,NA
IndyEleven,NA
InfertilityBabies,"r/infertility, r/PregnancyAfterLoss, r/ttcafterloss, r/CautiousBB, r/maleinfertility, r/IFParents, r/TryingForABaby, r/stilltrying, r/beyondthebump, r/whatworkedforme"
InfertilitySucks,NA
InfrastructurePorn,NA
Ingress,"r/OperationEssex, r/NianticWayfarer, r/pokemongo, r/TheSilphRoad, r/TheSilphArena, r/PlayPeridot"
InjusticeMobile,NA
InlandEmpire,NA
Innie,NA
Innokin,NA
InouBattle,NA
InsaneCringePosse,NA
InsideGaming,NA
Instagram,r/ThreadsApp
Insurance,NA
InsurgenceBattles,NA
InsurgenceTrades,NA
Intactivists,NA
Integra,NA
Intelligence,"r/Intelligence, r/IntelligenceNews"
InteriorDesign,"Announcement, Announcement, r/JungleLiquor"
Interpol,NA
Interstitialcystitis,"r/MensIC, r/PelvicFloor, r/vulvodynia, r/MastCellDiseases, r/CUTI, r/Prostatitis, r/Endo, r/ChronicPain"
Iowa,NA
IranianGenius,NA
IraqiSoccer,NA
IrishHistory,"r/ireland, r/northernireland, r/gaeilge, r/goidelc, r/IrishAncestry, r/history, r/AskHistory"
IronThroneRP,"r/awoiafrp, r/freefolk, r/Dreadfort, r/swdarktimes, r/ImaginaryWesteros, r/TrekRP, r/TheCitadel, r/GlobalPowers"
IsItBullshit,NA
Israel,"Megathread, r/ani_bm, r/birthright, r/hebrew, r/IDF, r/Judaism, r/Jewish, r/Jewdank, r/AntiSemitismInReddit, r/IsraelPalestine, r/Zionist"
ItalianGreyhounds,NA
JETWaterPipes,NA
JLeague,"r/soccer, r/KLeague, r/Aleague, r/japan, r/JapanTravel, r/Tokyo, r/Nagoya, r/Osaka, r/fukuoka, r/Sapporo, r/hiroshima"
JRPG,NA
Jaguar,"Announcement, Announcement"
Jaguars,NA
JamesBond,NA
JapanGamecollecting,NA
JapanTravel,"r/travel, r/japanlife, r/japan, r/movingtojapan, r/LearnJapanese, r/JapaneseFood, r/TohokuJapan"
JapaneseGameShows,"r/JTV, r/GakiNoTsukai, r/mechaike, r/neverchangejapan"
JapanesePorn2,NA
JasonEllisShow,NA
JaxBrew,NA
Jazz,NA
Jeep,NA
Jeopardy,NA
JobFair,NA
JoeRogan,NA
John_Frusciante,NA
Jokes,NA
JonTron,NA
Jonathan,NA
JournalingIsArt,NA
Journalism,NA
Judaism,"r/breakawayminyan, r/exjew, r/HaShoah, r/hebrew, r/Israel, r/Jewish, r/ReformJews, r/Yiddish, r/gayjews, r/Ladino"
Juicing,NA
JurassicPark,"r/Paleontology, r/Dinosaurs, r/DinoToys, r/jurassicworldevo, r/JurassicMemes, r/jurassicparkog, r/DinoVGs"
JustEngaged,NA
JustUnsubbed,NA
JusticePorn,NA
Justrolledintotheshop,"r/AskAShittyMechanic, r/AutoDetailing, r/carporn, r/Cartalk, r/MechanicAdvice, r/Shitty_Car_Mods, r/spotted"
Juve,NA
KCRoyals,NA
KNEX,NA
KSGuns,NA
Kairosoft,"Announcement, r/AndroidGaming, r/iosgaming"
Kalilinux,"r/linux, r/linuxquestions, r/linux4noobs, r/cybersecurity, r/netsec, r/AskNetsec, r/netsecstudents, r/RedSec, r/redteamsec"
KamenRider,"r/Tokusatsu, r/supersentai, r/powerrangers, r/Ultraman, r/precure, r/garo"
Kanon,NA
KansasCityChiefs,NA
Kanye,NA
Kappa,NA
KarmaConspiracy,r/CountOnceADay
KarmaCourt,NA
Katemara,NA
KenM,NA
Kendama,NA
Kentucky,NA
KerbalAcademy,NA
KerbalSpaceProgram,Megathread
Kikpals,NA
KillLaKill,"r/KimetsuNoYaiba, r/manganews, r/Toonami, r/trigger, r/gurrenlagann, r/nonon, r/ryuuko, r/satsuki, r/FLCL"
KindVoice,"r/KindFriend, r/TheFriendTreehouse, r/SuicideWatch, r/Advice, r/depression, r/Anxiety, r/mentalhealth, r/MMFB, r/GFD, r/CasualConversation"
KingOfTheHill,NA
KingdomHearts,"r/KHUx, r/FinalFantasy, r/SquareEnix"
KingkillerChronicle,NA
KingstonOntario,NA
KitchenConfidential,"r/FoodDev, r/debateculinary, r/CulinaryPlating, r/AskBaking, r/ratemydessert, r/AskCulinary, r/Chefit, r/chefknives, r/AnthonyBourdain, r/VeganChefs, r/RestaurantsThatMeme, r/WeWantPlates, r/FoodCube, r/wewantcups, r/chefknifememes, r/ServerMemes, r/southernfood, r/recipes, r/seriouseats, r/DixieFood, r/MimicRecipes, r/Old_Recipes, r/sousvide, r/slowcooking, r/smoking, r/Butchery, r/CandyMakers, r/TalesFromTheKitchen, r/PizzaPersonnel, r/bartenders, r/FoodService, r/dishwashers, r/drykitchenworkers, r/foodsafety, r/cooks, r/Foodnews, r/Pizza, r/food, r/CulinaryPorn, r/FoodPorn, r/Cooking, r/TalesFromYourServer, r/Serverlife, r/TipOfMyFork, r/Restaurant_Managers, r/restaurantowners, r/Waiters"
Knife_Swap,NA
Knifeporn,NA
Knightsanddragons,Megathread
Knoxville,NA
Korean,NA
KoreanAdvice,NA
Korrathegame,NA
KotakuInAction,"r/deepfreeze, r/WerthamInAction, r/TorInAction, r/gamers, r/HorusGalaxy, r/ResetEraInAction, r/MozillaInAction, r/neogaming, r/ShitGhaziSays, r/StopBeingEvil"
KratomKorner,NA
KronosWoW,NA
Kuwait,NA
LAClippers,"r/nba, r/LosAngeles, r/LosAngelesRams, r/Chargers, r/Dodgers, r/kings, r/LAGalaxy, r/LAFC"
LARP,NA
LAlist,Announcement
LGBTForeverAlone,NA
LGBTeens,"r/actuallesbians, r/ainbow, r/asexuality, r/bisexual, r/comingout, r/gay, r/gaybros, r/gaymers, r/genderqueer, r/lgbt, r/lgbtaww, r/LGBTeensGoneMild, r/LGBTea, r/Needafriend, r/transgender, r/TransSpace"
LGBTeensGoneMild,NA
LGG3,NA
LILYLILYLILY,NA
LSAT,"r/lawschooladmissions, r/LawSchool, r/law, r/prelaw, r/lawschoolcanada, r/LSATprep"
LSD,NA
LSUFootball,NA
LV426,NA
LabiaGW,"r/gonewild, r/gonewild30plus"
LadiesofScience,NA
LadyBoners,NA
LadyGaga,NA
Ladybonersgonecuddly,NA
LandCruisers,"r/yota, r/overlanding, r/LC120, r/4x4, r/Toyota, r/VEDC, r/CarHacking, r/OverlandTravel, r/CherokeeXJ"
Landlord,NA
LandscapeAstro,NA
LasVegas,NA
LateNightTalkShows,NA
LawSchool,"r/law, r/lawschooladmissions, r/LSAT, r/Ask_Lawyers, r/Bar_Prep, r/CABarExam"
LeagueConnect,"r/leagueoflegends, r/summonerschool, r/TeamRedditTeams"
LeagueOfMemes,"Announcement, r/leaguediscussion, r/LowEffortLeague, r/leagueoflegends, r/queensofleague, r/LegendsOfRuneterra, r/arcane, r/WildRiftMemes, r/REMEMBERTHEPLACIDIUM"
LeagueofLegendsMeta,NA
LearnConceptArt,NA
LearnJapanese,"r/japan, r/SpeakJapanese, r/japaneseresources, r/JapaneseInTheWild, r/NHKEasyNews, r/WriteStreakJP"
LearnUselessTalents,"r/learnusefultalents, r/howto, r/restofthefuckingowl"
Leathercraft,Announcement
Leatherworking,NA
LeedsUnited,"r/soccer, r/PremierLeague, r/FantasyPL"
LegacyJailbreak,"r/jailbreak, r/checkra1n, r/JailbreakSwap, r/TweakBounty, r/iOSthemes, r/ios, r/iphone, r/ipad, r/ipod, r/appletv"
LegendaryMinalinsky,NA
LegendofKorraRP,NA
Leiden,NA
LesbianGamers,NA
Lesbients,NA
LetsPlayCritiques,NA
LetsPlayVideos,NA
LetsTalkMusic,NA
LevantineWar,NA
Lexus,"r/LexusIS, r/LexusRC, r/LexusGX, r/japcars, r/Toyota, r/mazda, r/subaru, r/Nissan, r/Honda, r/vintagejapaneseautos, r/mitsubishi, r/askcarsales, r/plastidip, r/AutoDetailing, r/coolcarsforsale, r/AutoBodyRepair, r/JungleLiquor"
Liberal,r/democrats
Libertarian,"r/libertarianmeme, r/EndDemocracy, r/lpus, r/Anarcho_Capitalism, r/austrian_economics, r/Libertyinourlifetime, r/GoldandBlack, r/ronpaul, r/partoftheproblem"
Libraries,Announcement
Life,"r/Positivity, r/MadeMeSmile, r/GetMotivated, r/howtonotgiveafuck, r/Grieving, r/venting, r/lonely, r/SuicideWatch, r/depression"
LifeAfterNarcissism,NA
LifeProTips,NA
Liftingmusic,NA
LightNovels,NA
Lightbulb,"r/Showerthoughts, r/CrazyIdeas, r/SomebodyMakeThis, r/ideasfortheadmins, r/AppIdeas, r/MyTheoryIs"
Lightpack,NA
Lightroom,Announcement
Lineage2,NA
Linus_Tech_Tips,NA
LinuxActionShow,NA
LipsThatGrip,NA
Littlewargame,NA
LiveTweetingOldMovies,NA
LiverpoolFC,NA
LizardSquad,NA
LoLTwistedTreeline,NA
LogHorizon,NA
Lolita,"r/lolitafashion, r/fairykei"
LongDistance,"Announcement, Announcement, r/wemetonline, r/relationship_advice, r/relationships, r/gamingcouples, r/USMilitarySO, r/CanadianForcesSOs"
LonghornNation,NA
Longmont,NA
LoomKnitting,NA
LosAngeles,"r/Dodgers, r/losangeleskings, r/Giltinis, r/lakers, r/LosAngelesRams, r/LAClippers, r/Chargers, r/LAGalaxy, r/LAFC, r/LASparks, r/AskLosAngeles, r/LAlist, r/socalhiking, r/FoodLosAngeles, r/FilmIndustryLA, r/MotoLA, r/BikeLA, r/LABeer, r/VintageLA, r/LAX"
Louisville,NA
LoveLive,"r/SchoolIdolFestival, r/SIFallstars, r/Otonokizaka"
Lovecraft,NA
Lubbock,"r/LubbockClassifieds, r/LubbockFood, r/DoughGoesIn, r/TexasTech, r/texas"
Lubuntu,NA
LucidDreaming,NA
LumiaLovers,NA
LunaLounge,NA
Luna_Lovewell,NA
LuneOS,NA
Lyft,NA
M1Rifles,NA
MAA,NA
MAME,NA
MBA,NA
MCFC,"r/soccer, r/NYCFC, r/MelbourneCity, r/PremierLeague"
MCNext,NA
MCPE,"r/Minecraft, r/MinecraftMemes, r/minecraftsuggestions, r/MCPi, r/AndroidGaming, r/lego_minecraft"
MECoOp,"r/masseffect, r/dragonage, r/DragonAgeCoOp, r/MassEffectmeme, r/masseffectlore, r/bioware"
MH370,NA
MINI,NA
MLBDraft,NA
MLBTheShow,NA
MLPCCG,NA
MLPIOS,NA
MLPLounge,r/mylittlepony
MLPdrawingschool,r/mylittlepony
MLS,"r/AtlantaUnited, r/AustinFC, r/CharlotteFootballClub, r/chicagofire, r/FCCincinnati, r/Rapids, r/TheMassive, r/DCUnited, r/fcdallas, r/dynamo, r/SportingKC, r/LAGalaxy, r/LAFC, r/InterMiami, r/minnesotaunited, r/montrealimpact, r/NashvilleSC, r/newenglandrevolution, r/rbny, r/NYCFC, r/OCLions, r/PhillyUnion, r/timbers, r/ReAlSaltLake, r/SJEarthquakes, r/SoundersFC, r/SanDiegoFC, r/stlouiscitysc, r/tfc, r/whitecapsfc, r/mlslounge, r/FantasyMLS, r/NWSL, r/CanadianPL, r/USLPRO, r/USL1, r/NISA, r/NPSL, r/PDL, r/soccer"
MLTP,NA
MMA,NA
MMFB,NA
MMORPG,NA
MRW,NA
MST3K,NA
MTB,NA
MTGLegacy,NA
MURICA,NA
MUTCoinSelling,NA
Mabinogi,NA
MachineLearning,NA
MachinePorn,NA
Madden,"r/EASportsCFB, r/NFLHeadCoachSeries, r/NFL2k5, r/MaddenFranchise, r/MaddenCFM, r/MaddenMobileForums"
MaddenMobileForums,r/MaddenMobileH2H
MaddenUltimateTeam,NA
MadeMeSmile,NA
MadokaMagica,"Announcement, r/magiarecord, r/magiaexedra, r/MadokaMagicaMemes, r/ToTheStars, r/Madoka, r/homura, r/Mami, r/Sayaka, r/SakuraKyouko, r/nagisamomoe, r/ClaraDolls, r/HomuMado, r/Kyousaya, r/MadoSaya, r/SayaHomu, r/KyouHomu, r/ClariS, r/Kalafina, r/chuunibyou, r/GIRLSundPANZER, r/HidamariSketch, r/toradora"
Magic,"r/cardistry, r/magicmeme, r/playingcards, r/Animalsthatlovemagic, r/hypnosis"
MagicQuarter,NA
Magicdeckbuilding,"r/magicTCG, r/spikes, r/EDH, r/MagicArena"
Mahjong,NA
Maine,"r/Colby, r/Bowdoin, r/UniversityOfMaine, r/batescollege, r/mainehistory, r/Mainepolitics, r/portlandme, r/LAMaine, r/Aroostook, r/skimaine, r/MaineFood, r/mainebeer, r/mainetrees, r/newhampshire"
MajesticManes,NA
MakeNewFriendsHere,NA
MakeupAddiction,Megathread
MakeupAddicts,"r/beauty, r/makeupflatlays, r/makeuporganization"
MakeupRehab,NA
Malazan,NA
Mami,"r/Madoka, r/homura, r/Sayaka, r/SakuraKyouko, r/MadokaMagica, r/magiarecord"
Mankato,NA
MapPorn,NA
Maplestory,NA
Marijuana,NA
Mariners,"r/baseball, r/Seahawks, r/SoundersFC, r/Sonics"
MarkMyWords,NA
MarketingResearch,NA
Markiplier,Announcement
Marriage,NA
Marvel,"Megathread, r/comicbooks, r/comicbooksuggest, r/deadpool, r/Defenders, r/GotG, r/marvelstudios, r/marvelmemes, r/shield, r/Spiderman, r/xmen"
MassiveCock,"r/MONSTERCOCKS, r/ThickDick, r/penis, r/softies, r/VlinesAbsAndDick"
MaterialDesign,NA
MawInstallation,NA
McDonalds,NA
MechanicAdvice,NA
MechanicalEngineering,NA
MechanicalKeyboards,"r/mechmarket, r/KeyBroke, r/CustomKeyboards, r/ErgoMechKeyboards, r/switchmodders, r/keycaps, r/olkb, r/MouseReview, r/hardwareswap, r/keycapdesigners"
Meditation,"r/Mindfulness, r/ZenHabits, r/simpleliving, r/yoga, r/Buddhism, r/taoism, r/enlightenment, r/meditationpapers, r/audiomeditation, r/meditationpics"
MeetPeople,"Announcement, r/WeforYou"
Megaten,"r/atlus, r/personajerk, r/demifiendnocturne, r/memegamitensei"
MenWithToys,"r/AnalStretching, r/ProstatePlay, r/aneros, r/hankeys"
MensRants,NA
MensRights,"r/mensrightslinks, r/mramemes, r/SupportForTheAccused, r/LeftWingMaleAdvocates, r/FeMRADebates"
MerchantRPG,NA
Metal,NA
MetalDrums,NA
MetalMemes,"r/Metal, r/Deathmetal, r/BlackMetal, r/okbuddymetal"
Metalcore,NA
Metallica,NA
Metroid,"r/nintendo, r/NintendoSwitch, r/HollowKnight, r/casualnintendo, r/Club_Nintendo, r/nintendomusic, r/snes, r/wiiu, r/3DS, r/wii"
Miami,Megathread
MiamiHurricanes,NA
Miata,"r/miatalogistics, r/mazda, r/projectcar, r/AutoDetailing"
Michael,NA
MichaelJackson,"r/MJInnocent, r/MichaelTheMovie, r/WhereWasMJToday, r/MichaelJacksonTheMan, r/MichaelJacksonFanArt, r/MichaelJacksonLegacy, r/MichaelJacksonMemes, r/MichaelJacksonAI, r/MJDances, r/MichaelJacksonMusic, r/MJAlive, r/MJDeathInvestigation, r/50ShadesOfMJ, r/IsMJAliveToday, r/TodayAGuilterSaid, r/LettersToNeverland, r/TheWiz, r/MJTheMusical, r/MJPerformances, r/Neverland, r/TheJacksons, r/janetjackson, r/JermaineJackson, r/TitoJackson, r/Jaafar_Jackson, r/LaToyaJackson, r/ParisJackson2, r/LisaMariePresley, r/MichaelJacksonRares, r/MJs_OffTheWall, r/MJs_Thriller, r/MJs_BAD, r/MJs_Dangerous, r/MJs_HIStory, r/InvincibleMJ, r/MJThisIsIt, r/MichaelTheAlbum, r/XscapeMJ, r/MichaelJacksonFanFic, r/MJShortFilms, r/MJUnreleased"
Michigan,NA
MichiganWolverines,"r/uofm, r/AnnArbor, r/CFB, r/CollegeBasketball, r/TheB1G"
Mid_Century,NA
MightAndMagic,NA
Military,"r/army, r/AirForce, r/navy, r/uscg, r/USMC, r/britishmilitary, r/AustralianMilitary, r/nationalguard, r/airnationalguard"
MilitaryGfys,NA
MilitaryPorn,NA
MilitaryStories,NA
MillerPlanetside,NA
MindcrackDiscussion,NA
Mindfulness,NA
Minecraft,"r/FortNiteBR, r/Mojira, r/minecraftsuggestions, r/realms, r/mcservers, r/MinecraftBuddies, r/CompetitiveMinecraft, r/MCPE, r/MinecraftDungeons"
Minecraft360,NA
MinecraftOne,NA
MineralPorn,"r/geologyporn, r/rockhounds, r/Minerals, r/mineralcollectors, r/FluorescentMinerals, r/MineralGore, r/whatsthisrock"
Minesweeper,NA
MiniSwapKarma,NA
Miscarriage,NA
MkeBucks,NA
ModelUSGov,"r/MHOC, r/cmhoc, r/iksdagen, r/MhOir, r/MBundestag, r/RMTK, r/ModelNZParliament, r/AustraliaSim"
ModernMagic,"r/magicTCG, r/MTGLegacy, r/MagicArena, r/spikes, r/magicthecirclejerking, r/MTGO"
ModestMouse,NA
Modesto,NA
Mommit,NA
Monitors,"Happening now, r/hardware, r/ultrawidemasterrace, r/buildapc, r/buildapcsales, r/buildapcsalesuk, r/technology, r/bapcsalescanada, r/bapcsalesaustralia, r/pcgaming"
MonsterHunter,NA
MonsterReddit123,NA
MonsterStrike,NA
Monstercat,"Megathread, Announcement, Megathread, Megathread, Megathread, Megathread"
MonstercatCringe,NA
Montana,"r/Billings, r/Bozeman, r/Butte, r/GreatFalls, r/helena, r/Kalispell, r/missoula, r/Lewistown, r/whitefish, r/WestYellowstone, r/EnnisMT, r/GlacierNationalPark, r/LivingstonMT, r/MontanaPolitics, r/MontanaEarthPorn, r/yellowstone, r/HuntingAndForagingMT, r/Idaho, r/wyoming, r/SouthDakota, r/northdakota, r/saskatchewan, r/alberta, r/britishcolumbia"
Morocco,NA
Morristown,NA
Morrowind,"r/tes3mods, r/OpenMW, r/tes3mp, r/oblivion, r/oblivionmods, r/skyrim, r/skyrimmods, r/ElderScrolls, r/teslore"
MortalKombat,r/MKMemes
Moscow,NA
MosinNagant,NA
MotoG,"r/Android, r/LineageOS, r/MotoX, r/MotoE"
MotoX,NA
Motorrad,NA
MouseReview,Announcement
Moustache,NA
MoviePosterPorn,NA
MovieRankings,NA
MovieSuggestions,NA
Msstate,NA
MtF,NA
MuayThai,"Announcement, r/Kickboxing, r/MMA, r/WMMA, r/bjj, r/wrestling"
Multicopter,"r/multicopterbuilds, r/FPVvideos, r/radiocontrol"
MultipleSclerosis,"r/MultipleSclerosisWins, r/CaregiverSupport, r/ChronicPain, r/depression"
Munich,"Announcement, r/de, r/wohnen, r/Studium, r/munichsocialclub"
Muse,"Megathread, r/musecirclejerk, r/MorgansHole"
Music,"r/listentothis, r/rnb, r/rap"
MusicInTheMaking,NA
MusicVideos,NA
Musicthemetime,NA
MuslimNoFap,Announcement
Mustang,Megathread
MvC3,NA
MyChemicalRomance,"r/theused, r/Blink182, r/greenday, r/thegetupkids, r/GerardWay, r/FrankIero, r/FallOutBoy, r/panicatthedisco, r/twentyonepilots, r/AFireInside"
MyLittleFriends,NA
MyrtleBeach,NA
MysteryDungeon,NA
NASCAR,"r/CARSTour, r/formula1, r/INDYCAR, r/IMSARacing, r/SRXRacing, r/rally, r/v8supercars, r/wec, r/WorldofOutlaws"
NASCARCollectors,"Announcement, r/NASCAR, r/ARCARacing, r/NascarHometracks, r/DirtRacing, r/WorldofOutlaws"
NBA2k,"Announcement, r/MyTeam, r/NBA2kTeamUp, r/NBAPlaygrounds, r/NBA2KL, r/NBAlive"
NBASpurs,"r/nba, r/sanantonio, r/SanAntonioFC"
NCAATagPro,NA
NCAAW,NA
NCSU,"r/triangle, r/raleigh, r/NCSU_Wolfpack, r/ACC"
NEU,NA
NFL_Draft,NA
NHLHUT,NA
NHLStreams,"r/HockeyStreams, r/MLBStreams, r/CFLStreams"
NLTP,NA
NOLAPelicans,"r/nba, r/Saints, r/LSUFootball, r/CollegeBasketball"
NORDVEI,NA
NPSL,"r/soccer, r/CollegeSoccer, r/minifootball"
NSFW411,NA
NSFWIAMA,"r/bondageorgasms, r/EskimoBros, r/hotpast, r/hotpastCaptions, r/girlstellingstories, r/AskRedditAfterDark"
NSFW_GIF,NA
NSFW_HTML5,"r/DoggyStyle, r/outercourse, r/PornGallery, r/PornIsOn"
NSFW_Japan,NA
NSFWskype,"r/Random_Acts_Of_Sex, r/exxxchange, r/DirtySnapchat, r/DirtyKIKRoleplay, r/dirtypenpals, r/Sexsells"
NSFWskyrim,NA
NUFC,NA
NYCFC,"r/AtlantaUnited, r/chicagofire, r/TheMassive, r/DCUnited, r/montrealimpact, r/newenglandrevolution, r/rbny, r/OCLions, r/PhillyUnion, r/tfc, r/soccer, r/MLS, r/MCFC, r/MelbourneCity"
NYCapartments,Megathread
NYGiants,"r/nfl, r/NFCEastMemeWar, r/nflmemes, r/G101SafeHaven, r/EvilLeagueOfEvil"
NYKnicks,NA
NYYankees,NA
NZTrees,NA
NZXT,"Announcement, Announcement"
Namecoin,"r/netsec, r/privacy, r/ReinstateArticle8, r/restorethefourth, r/snowden, r/WikiLeaks, r/Bitcoin, r/bitmessage, r/GnuPG, r/i2p, r/Monero, r/onions, r/ReplicantOS, r/tails, r/TOR, r/zeronet"
NarcissisticAbuse,"r/raisedbynarcissists, r/OperationSafeEscape, r/domesticviolence, r/TrueNarcissisticAbuse"
Narcolepsy,"Announcement, Announcement, Announcement"
Naruto,"r/dankruto, r/NarutoSakuga, r/NarutoBlazing, r/NarutoFanfiction, r/NarutoShinobiStriker, r/NarutoAkiden, r/FunnyNaruto"
NarutoArena,NA
NarutoChroniclesRP,NA
Naruto_Hentai,NA
Nationals,NA
NativeAmerican,NA
Nautical,NA
NavyBlazer,NA
Needafriend,"r/MeetNewPeopleHere, r/penpals, r/r4r, r/InternetFriends, r/GamerPals, r/GFD, r/Kikpals, r/snapchat"
Negareddit,NA
Nerf,"r/NerfExchange, r/NerfThrift, r/nerfmods, r/nerfhomemades, r/HPAnerf, r/nerfnews, r/nerfchatter, r/Deploy, r/BadNerfPosts, r/HistoryOfNerfModding"
NetflixBestOf,Announcement
Netrunner,NA
NeutralPolitics,"r/neutralnews, r/AskSocialScience, r/changemyview, r/geopolitics, r/moderatepolitics, r/PoliticalDiscussion, r/Scholar, r/TrueReddit"
Neverwinter,"r/NeverwinterTradePost, r/DnD, r/Forgotten_Realms"
NewOrleans,"Happening now, r/Louisiana, r/AskNOLA, r/Tulane, r/nolagardening, r/NewOrleansMarketplace, r/NOLAMusic, r/UNO, r/QueerNOLA, r/NewOrleansArtists, r/nolaparents, r/batonrouge, r/NewOrleansBeer, r/newawwlins"
NewParents,NA
NewSkaters,NA
NewToTF2,NA
NewTubers,"r/CreatorServices, r/Creator, r/NewTubersEspanol, r/newStreamers, r/youtubers, r/PartneredYoutube, r/letsplay, r/SmallYTChannel, r/letsplaycollab, r/youtubegaming, r/LetsPlayCritiques"
NewYorkIslanders,NA
NewYorkMets,NA
NewsOfTheStupid,NA
NewsOfTheWeird,NA
NewsPorn,NA
NewsSalad,NA
Nexus10,NA
Nexus5,NA
Nexus7,NA
